airport,runway,row_index,along_track_m,height_m,he_gt_deg,lat_gt_m,delta_he_deg,delta_lat_m,he_prior_deg,lat_prior_m,he_inj_deg,lat_inj_m,he_meas_deg,lat_meas_m,he_corr_deg,lat_corr_m,he_zero_deg,lat_zero_m,he_meas_minus_zero_deg,lat_meas_minus_zero_m
CYEG,20,0,5757.850702695551,298.43912633944365,4.565237558444466,-98.92486854217277,-2.0,-20.0,2.565237558444488,-118.92486854217277,-1.9999999999999782,-20.0,-1.9999958780325926,-221.0056864120569,-1.9999958780325926,-19.937523991200976,-4.5653088389630625,-359.6654731506624,2.56531296093047,138.65978673860553
CYEG,20,0,5757.850702695551,298.43912633944365,4.565237558444466,-98.92486854217277,-2.0,-10.0,2.565237558444488,-108.92486854217277,-1.9999999999999782,-10.0,-2.0000513860275078,-211.00668464470147,-2.0000513860275078,-9.932937231248246,-4.5653088389630625,-359.6654731506624,2.5652574529355547,148.65878850596096
CYEG,20,0,5757.850702695551,298.43912633944365,4.565237558444466,-98.92486854217277,-2.0,0.0,2.565237558444488,-98.92486854217277,-1.9999999999999782,0.0,-1.9999756907798485,-201.0073380441154,-1.9999756907798485,0.058793216146341365,-4.5653088389630625,-359.6654731506624,2.565333148183214,158.65813510654704
CYEG,20,0,5757.850702695551,298.43912633944365,4.565237558444466,-98.92486854217277,-2.0,10.0,2.565237558444488,-88.92486854217277,-1.9999999999999782,10.0,-2.0000387739751204,-191.00585731939174,-2.0000387739751204,10.066621119724175,-4.5653088389630625,-359.6654731506624,2.565270064987942,168.65961583127068
CYEG,20,0,5757.850702695551,298.43912633944365,4.565237558444466,-98.92486854217277,-2.0,20.0,2.565237558444488,-78.92486854217277,-1.9999999999999782,20.0,-2.000049426792202,-181.0082732190304,-2.000049426792202,20.065277063990465,-4.5653088389630625,-359.6654731506624,2.5652594121708603,178.65719993163202
CYEG,20,0,5757.850702695551,298.43912633944365,4.565237558444466,-98.92486854217277,-1.0,-20.0,3.5652375584444767,-118.92486854217277,-0.9999999999999898,-20.0,-1.0000293764639139,-120.50262424591119,-1.0000293764639139,-19.996013341610137,-4.5653088389630625,-359.6654731506624,3.5652794624991486,239.16284890475123
CYEG,20,0,5757.850702695551,298.43912633944365,4.565237558444466,-98.92486854217277,-1.0,-10.0,3.5652375584444767,-108.92486854217277,-0.9999999999999898,-10.0,-0.9999983395367451,-110.50351646721512,-0.9999983395367451,-10.000025521206851,-4.5653088389630625,-359.6654731506624,3.5653104994263174,249.1619566834473
CYEG,20,0,5757.850702695551,298.43912633944365,4.565237558444466,-98.92486854217277,-1.0,0.0,3.5652375584444767,-98.92486854217277,-0.9999999999999898,0.0,-0.9999867300276151,-100.50291241339156,-0.9999867300276151,-0.0005885024965976982,-4.5653088389630625,-359.6654731506624,3.5653221089354474,259.16256073727084
CYEG,20,0,5757.850702695551,298.43912633944365,4.565237558444466,-98.92486854217277,-1.0,10.0,3.5652375584444767,-88.92486854217277,-0.9999999999999898,10.0,-1.0000146285637754,-90.50270162204826,-1.0000146285637754,10.002426763274158,-4.5653088389630625,-359.6654731506624,3.565294210399287,269.16277152861414
CYEG,20,0,5757.850702695551,298.43912633944365,4.565237558444466,-98.92486854217277,-1.0,20.0,3.5652375584444767,-78.92486854217277,-0.9999999999999898,20.0,-0.9999964079206052,-80.50243291069371,-0.9999964079206052,20.000863861397107,-4.5653088389630625,-359.6654731506624,3.5653124310424573,279.1630402399687
CYEG,20,0,5757.850702695551,298.43912633944365,4.565237558444466,-98.92486854217277,0.0,-20.0,4.565237558444466,-118.92486854217277,0.0,-20.0,-2.2220783080229012e-07,-19.99967049592999,-2.2220783080229012e-07,-19.999648165497877,-4.5653088389630625,-359.6654731506624,4.565308616755232,339.66580265473243
CYEG,20,0,5757.850702695551,298.43912633944365,4.565237558444466,-98.92486854217277,0.0,-10.0,4.565237558444466,-108.92486854217277,0.0,-10.0,8.781523490597465e-07,-9.999848770349342,8.781523490597465e-07,-9.999937018910808,-4.5653088389630625,-359.6654731506624,4.565309717115412,349.6656243803131
CYEG,20,0,5757.850702695551,298.43912633944365,4.565237558444466,-98.92486854217277,0.0,0.0,4.565237558444466,-98.92486854217277,0.0,0.0,1.1054800381771202e-06,7.059006366105791e-06,1.1054800381771202e-06,-0.0001040344994510317,-4.5653088389630625,-359.6654731506624,4.565309944443101,359.6654802096688
CYEG,20,0,5757.850702695551,298.43912633944365,4.565237558444466,-98.92486854217277,0.0,10.0,4.565237558444466,-88.92486854217277,0.0,10.0,-3.518081257425365e-06,10.000114633198146,-3.518081257425365e-06,10.000468177330234,-4.5653088389630625,-359.6654731506624,4.565305320881805,369.6655877838606
CYEG,20,0,5757.850702695551,298.43912633944365,4.565237558444466,-98.92486854217277,0.0,20.0,4.565237558444466,-78.92486854217277,0.0,20.0,-2.2064918425712676e-07,19.999777567489765,-2.2064918425712676e-07,19.999799741288104,-4.5653088389630625,-359.6654731506624,4.565308618313878,379.6652507181522
CYEG,20,0,5757.850702695551,298.43912633944365,4.565237558444466,-98.92486854217277,1.0,-20.0,5.565237558444506,-118.92486854217277,1.00000000000004,-20.0,1.0000060060003761,80.47110100680679,1.0000060060003761,-20.033160603335872,-4.5653088389630625,-359.6654731506624,5.565314844963439,440.1365741574692
CYEG,20,0,5757.850702695551,298.43912633944365,4.565237558444466,-98.92486854217277,1.0,-10.0,5.565237558444506,-108.92486854217277,1.00000000000004,-10.0,1.000005756120089,90.47171563954667,1.000005756120089,-10.032520851612233,-4.5653088389630625,-359.6654731506624,5.5653145950831515,450.1371887902091
CYEG,20,0,5757.850702695551,298.43912633944365,4.565237558444466,-98.92486854217277,1.0,0.0,5.565237558444506,-98.92486854217277,1.00000000000004,0.0,1.0000158083363715,100.47162730616432,1.0000158083363715,-0.033619674703246005,-4.5653088389630625,-359.6654731506624,5.565324647299434,460.1371004568267
CYEG,20,0,5757.850702695551,298.43912633944365,4.565237558444466,-98.92486854217277,1.0,10.0,5.565237558444506,-88.92486854217277,1.00000000000004,10.0,0.9999892187456112,110.47119991635307,0.9999892187456112,9.96862582939572,-4.5653088389630625,-359.6654731506624,5.565298057708674,470.1366730670155
CYEG,20,0,5757.850702695551,298.43912633944365,4.565237558444466,-98.92486854217277,1.0,20.0,5.565237558444506,-78.92486854217277,1.00000000000004,20.0,0.9999927063525718,120.47070497299322,0.9999927063525718,19.96778029758849,-4.5653088389630625,-359.6654731506624,5.565301545315634,480.13617812365567
CYEG,20,0,5757.850702695551,298.43912633944365,4.565237558444466,-98.92486854217277,2.0,-20.0,6.565237558444495,-118.92486854217277,2.0000000000000284,-20.0,1.999939364863394,180.87904384575018,1.999939364863394,-20.18343244627772,-4.5653088389630625,-359.6654731506624,6.565248203826457,540.5445169964125
CYEG,20,0,5757.850702695551,298.43912633944365,4.565237558444466,-98.92486854217277,2.0,-10.0,6.565237558444495,-108.92486854217277,2.0000000000000284,-10.0,1.9999170240438104,190.87758249558715,1.9999170240438104,-10.182645952726205,-4.5653088389630625,-359.6654731506624,6.565225863006873,550.5430556462495
CYEG,20,0,5757.850702695551,298.43912633944365,4.565237558444466,-98.92486854217277,2.0,0.0,6.565237558444495,-98.92486854217277,2.0000000000000284,0.0,1.999992906943561,200.8783496485303,1.999992906943561,-0.18951383323258142,-4.5653088389630625,-359.6654731506624,6.565301745906623,560.5438227991928
CYEG,20,0,5757.850702695551,298.43912633944365,4.565237558444466,-98.92486854217277,2.0,10.0,6.565237558444495,-88.92486854217277,2.0000000000000284,10.0,2.000022672425729,210.87857577552313,2.000022672425729,9.807717409967296,-4.5653088389630625,-359.6654731506624,6.565331511388791,570.5440489261855
CYEG,20,0,5757.850702695551,298.43912633944365,4.565237558444466,-98.92486854217277,2.0,20.0,6.565237558444495,-78.92486854217277,2.0000000000000284,20.0,1.9999744102429133,220.8792116979182,1.9999744102429133,19.81320928015728,-4.5653088389630625,-359.6654731506624,6.565283249205976,580.5446848485806
CYEG,20,1,5742.927984459016,300.5625283394437,1.762314558444456,-22.959032195738715,-2.0,-20.0,-0.23768544155552154,-42.959032195738715,-1.9999999999999776,-20.0,-2.000003612754,-220.43541401737832,-2.000003612754,-19.887587105610322,-1.7622921359011343,-153.66368331680988,-0.23771147685286564,-66.77173070056844
CYEG,20,1,5742.927984459016,300.5625283394437,1.762314558444456,-22.959032195738715,-2.0,-10.0,-0.23768544155552154,-32.959032195738715,-1.9999999999999776,-10.0,-1.9999681926894652,-210.4359048727955,-1.9999681926894652,-9.891632549766825,-1.7622921359011343,-153.66368331680988,-0.23767605678833092,-56.772221555985624
CYEG,20,1,5742.927984459016,300.5625283394437,1.762314558444456,-22.959032195738715,-2.0,0.0,-0.23768544155552154,-22.959032195738715,-1.9999999999999776,0.0,-2.0000338939462097,-200.43897487685462,-2.0000338939462097,0.11189091105788407,-1.7622921359011343,-153.66368331680988,-0.23774175804507536,-46.775291560044735
CYEG,20,1,5742.927984459016,300.5625283394437,1.762314558444456,-22.959032195738715,-2.0,10.0,-0.23768544155552154,-12.959032195738715,-1.9999999999999776,10.0,-2.0000051419884812,-190.43624341056062,-2.0000051419884812,10.111736967889613,-1.7622921359011343,-153.66368331680988,-0.2377130060873469,-36.77256009375074
CYEG,20,1,5742.927984459016,300.5625283394437,1.762314558444456,-22.959032195738715,-2.0,20.0,-0.23768544155552154,-2.9590321957387147,-1.9999999999999776,20.0,-1.9999959807432504,-180.4379690118963,-1.9999959807432504,20.109091987661003,-1.7622921359011343,-153.66368331680988,-0.23770384484211604,-26.774285695086434
CYEG,20,1,5742.927984459016,300.5625283394437,1.762314558444456,-22.959032195738715,-1.0,-20.0,0.762314558444467,-42.959032195738715,-0.9999999999999889,-20.0,-0.9999822211788114,-120.23144945904767,-0.9999822211788114,-19.990051179794477,-1.7622921359011343,-153.66368331680988,0.7623099147223229,33.43223385776221
CYEG,20,1,5742.927984459016,300.5625283394437,1.762314558444456,-22.959032195738715,-1.0,-10.0,0.762314558444467,-32.959032195738715,-0.9999999999999889,-10.0,-1.0000103678162873,-110.23163854057807,-1.0000103678162873,-9.987418179791973,-1.7622921359011343,-153.66368331680988,0.762281768084847,43.432044776231805
CYEG,20,1,5742.927984459016,300.5625283394437,1.762314558444456,-22.959032195738715,-1.0,0.0,0.762314558444467,-22.959032195738715,-0.9999999999999889,0.0,-0.9999956936201215,-100.23082724003348,-0.9999956936201215,0.011921833881672228,-1.7622921359011343,-153.66368331680988,0.7622964422810128,53.4328560767764
CYEG,20,1,5742.927984459016,300.5625283394437,1.762314558444456,-22.959032195738715,-1.0,10.0,0.762314558444467,-12.959032195738715,-0.9999999999999889,10.0,-1.0000132371504549,-90.23147836703103,-1.0000132371504549,10.013029683360955,-1.7622921359011343,-153.66368331680988,0.7622788987506794,63.43220494977885
CYEG,20,1,5742.927984459016,300.5625283394437,1.762314558444456,-22.959032195738715,-1.0,20.0,0.762314558444467,-2.9590321957387147,-0.9999999999999889,20.0,-1.0000066116011794,-80.23075509548381,-1.0000066116011794,20.01308865387304,-1.7622921359011343,-153.66368331680988,0.7622855242999549,73.43292822132607
CYEG,20,1,5742.927984459016,300.5625283394437,1.762314558444456,-22.959032195738715,0.0,-20.0,1.762314558444456,-42.959032195738715,0.0,-20.0,1.4152234655284701e-06,-20.00002042866962,1.4152234655284701e-06,-20.00016228076612,-1.7622921359011343,-153.66368331680988,1.7622935511245998,133.66366288814027
CYEG,20,1,5742.927984459016,300.5625283394437,1.762314558444456,-22.959032195738715,0.0,-10.0,1.762314558444456,-32.959032195738715,0.0,-10.0,-1.366639423849847e-07,-10.000223456125996,-1.366639423849847e-07,-10.000209757888781,-1.7622921359011343,-153.66368331680988,1.762291999237192,143.66345986068387
CYEG,20,1,5742.927984459016,300.5625283394437,1.762314558444456,-22.959032195738715,0.0,0.0,1.762314558444456,-22.959032195738715,0.0,0.0,-1.7395993836544221e-06,7.013303656577818e-05,-1.7395993836544221e-06,0.0002444983051254901,-1.7622921359011343,-153.66368331680988,1.7622903963017507,153.66375344984644
CYEG,20,1,5742.927984459016,300.5625283394437,1.762314558444456,-22.959032195738715,0.0,10.0,1.762314558444456,-12.959032195738715,0.0,10.0,7.1045366496491624e-06,10.000123750914343,7.1045366496491624e-06,9.99941164187789,-1.7622921359011343,-153.66368331680988,1.762299240437784,163.66380706772424
CYEG,20,1,5742.927984459016,300.5625283394437,1.762314558444456,-22.959032195738715,0.0,20.0,1.762314558444456,-2.9590321957387147,0.0,20.0,-4.7765365707164165e-06,20.00013224232176,-4.7765365707164165e-06,20.000611008921567,-1.7622921359011343,-153.66368331680988,1.7622873593645636,173.66381555913165
CYEG,20,1,5742.927984459016,300.5625283394437,1.762314558444456,-22.959032195738715,1.0,-20.0,2.7623145584444444,-42.959032195738715,0.9999999999999885,-20.0,0.999995988939645,80.22374340063693,0.999995988939645,-20.019035283059267,-1.7622921359011343,-153.66368331680988,2.7622881248407793,233.88742671744683
CYEG,20,1,5742.927984459016,300.5625283394437,1.762314558444456,-22.959032195738715,1.0,-10.0,2.7623145584444444,-32.959032195738715,0.9999999999999885,-10.0,0.9999901680453434,90.2242651365556,0.9999901680453434,-10.01792992366886,-1.7622921359011343,-153.66368331680988,2.7622823039464777,243.88794845336548
CYEG,20,1,5742.927984459016,300.5625283394437,1.762314558444456,-22.959032195738715,1.0,0.0,2.7623145584444444,-22.959032195738715,0.9999999999999885,0.0,1.0000146610855438,100.22461951243457,1.0000146610855438,-0.0200313067327329,-1.7622921359011343,-153.66368331680988,2.762306796986678,253.88830282924445
CYEG,20,1,5742.927984459016,300.5625283394437,1.762314558444456,-22.959032195738715,1.0,10.0,2.7623145584444444,-12.959032195738715,0.9999999999999885,10.0,1.0000059050041727,110.22367364168804,1.0000059050041727,9.979900738249384,-1.7622921359011343,-153.66368331680988,2.762298040905307,263.8873569584979
CYEG,20,1,5742.927984459016,300.5625283394437,1.762314558444456,-22.959032195738715,1.0,20.0,2.7623145584444444,-2.9590321957387147,0.9999999999999885,20.0,0.9999992996920071,120.22390706112151,0.9999992996920071,19.98079642967072,-1.7622921359011343,-153.66368331680988,2.7622914355931414,273.88759037793136
CYEG,20,1,5742.927984459016,300.5625283394437,1.762314558444456,-22.959032195738715,2.0,-20.0,3.762314558444484,-42.959032195738715,2.000000000000028,-20.0,1.9999910226993336,180.4073741703842,1.9999910226993336,-20.139189263528664,-1.7622921359011343,-153.66368331680988,3.762283158600468,334.0710574871941
CYEG,20,1,5742.927984459016,300.5625283394437,1.762314558444456,-22.959032195738715,2.0,-10.0,3.762314558444484,-32.959032195738715,2.000000000000028,-10.0,2.000000007769046,190.40780980062485,2.000000007769046,-10.139655332040263,-1.7622921359011343,-153.66368331680988,3.76229214367018,344.0714931174347
CYEG,20,1,5742.927984459016,300.5625283394437,1.762314558444456,-22.959032195738715,2.0,0.0,3.762314558444484,-22.959032195738715,2.000000000000028,0.0,1.999951223725418,200.4082066566068,1.999951223725418,-0.13436274217860955,-1.7622921359011343,-153.66368331680988,3.7622433596265523,354.07188997341666
CYEG,20,1,5742.927984459016,300.5625283394437,1.762314558444456,-22.959032195738715,2.0,10.0,3.762314558444484,-12.959032195738715,2.000000000000028,10.0,1.9999964756783015,210.40638530556646,1.9999964756783015,9.859274636687331,-1.7622921359011343,-153.66368331680988,3.762288611579436,364.0700686223763
CYEG,20,1,5742.927984459016,300.5625283394437,1.762314558444456,-22.959032195738715,2.0,20.0,3.762314558444484,-2.9590321957387147,2.000000000000028,20.0,2.000013157098067,220.40751184336608,2.000013157098067,19.858727106723393,-1.7622921359011343,-153.66368331680988,3.7623052929992014,374.071195160176
CYEG,20,2,5565.366650519464,317.4128943394437,1.971110558444466,141.05815780226948,-2.0,-20.0,-0.02888944155551158,121.05815780226948,-1.9999999999999776,-20.0,-1.9999835453674564,-214.1310555874894,-1.9999835453674564,-19.785769900509734,-1.9710795772283802,-332.38397386680333,-0.02890396813907614,118.25291827931392
CYEG,20,2,5565.366650519464,317.4128943394437,1.971110558444466,141.05815780226948,-2.0,-10.0,-0.02888944155551158,131.05815780226948,-1.9999999999999776,-10.0,-1.9999825277407695,-204.13187301057377,-1.9999825277407695,-9.786686290253215,-1.9710795772283802,-332.38397386680333,-0.028902950512389225,128.25210085622956
CYEG,20,2,5565.366650519464,317.4128943394437,1.971110558444466,141.05815780226948,-2.0,0.0,-0.02888944155551158,141.05815780226948,-1.9999999999999776,0.0,-1.9999985644959395,-194.1315897936074,-1.9999985644959395,0.2151565399947799,-1.9710795772283802,-332.38397386680333,-0.02891898726755926,138.25238407319594
CYEG,20,2,5565.366650519464,317.4128943394437,1.971110558444466,141.05815780226948,-2.0,10.0,-0.02888944155551158,151.05815780226948,-1.9999999999999776,10.0,-1.9999050687522413,-184.1314640112221,-1.9999050687522413,10.206189635286222,-1.9710795772283802,-332.38397386680333,-0.028825491523861047,148.25250985558122
CYEG,20,2,5565.366650519464,317.4128943394437,1.971110558444466,141.05815780226948,-2.0,20.0,-0.02888944155551158,161.05815780226948,-1.9999999999999776,20.0,-1.9999694940102017,-174.1312751165447,-1.9999694940102017,20.212644041932634,-1.9710795772283802,-332.38397386680333,-0.028889916781821512,158.25269875025862
CYEG,20,2,5565.366650519464,317.4128943394437,1.971110558444466,141.05815780226948,-1.0,-20.0,0.9711105584444772,121.05815780226948,-0.9999999999999887,-20.0,-1.0000024304937654,-117.10437473392888,-1.0000024304937654,-19.960302344331197,-1.9710795772283802,-332.38397386680333,0.9710771467346149,215.27959913287447
CYEG,20,2,5565.366650519464,317.4128943394437,1.971110558444466,141.05815780226948,-1.0,-10.0,0.9711105584444772,131.05815780226948,-0.9999999999999887,-10.0,-0.9999761305440984,-107.10485250238183,-0.9999761305440984,-9.963335509684882,-1.9710795772283802,-332.38397386680333,0.9711034466842818,225.27912136442148
CYEG,20,2,5565.366650519464,317.4128943394437,1.971110558444466,141.05815780226948,-1.0,0.0,0.9711105584444772,141.05815780226948,-0.9999999999999887,0.0,-0.9999915435218156,-97.10451478836632,-0.9999915435218156,0.038499784206564414,-1.9710795772283802,-332.38397386680333,0.9710880337065646,235.27945907843701
CYEG,20,2,5565.366650519464,317.4128943394437,1.971110558444466,141.05815780226948,-1.0,10.0,0.9711105584444772,151.05815780226948,-0.9999999999999887,10.0,-1.0000040121276186,-87.10462190654985,-1.0000040121276186,10.039604160234745,-1.9710795772283802,-332.38397386680333,0.9710755651007617,245.27935196025348
CYEG,20,2,5565.366650519464,317.4128943394437,1.971110558444466,141.05815780226948,-1.0,20.0,0.9711105584444772,161.05815780226948,-0.9999999999999887,20.0,-0.9999859926806778,-77.10448386147644,-0.9999859926806778,20.03799137157621,-1.9710795772283802,-332.38397386680333,0.9710935845477024,255.2794900053269
CYEG,20,2,5565.366650519464,317.4128943394437,1.971110558444466,141.05815780226948,0.0,-20.0,1.971110558444466,121.05815780226948,0.0,-20.0,9.511046812349377e-07,-19.999824017002645,9.511046812349377e-07,-19.999916401578247,-1.9710795772283802,-332.38397386680333,1.9710805283330615,312.3841498498007
CYEG,20,2,5565.366650519464,317.4128943394437,1.971110558444466,141.05815780226948,0.0,-10.0,1.971110558444466,131.05815780226948,0.0,-10.0,-3.9720680433674715e-07,-10.000192142831045,-3.9720680433674715e-07,-10.000153560556381,-1.9710795772283802,-332.38397386680333,1.971079180021576,322.3837817239723
CYEG,20,2,5565.366650519464,317.4128943394437,1.971110558444466,141.05815780226948,0.0,0.0,1.971110558444466,141.05815780226948,0.0,0.0,-3.0668956583213003e-06,0.0003211354331789096,-3.0668956583213003e-06,0.0006190351905868195,-1.9710795772283802,-332.38397386680333,1.971076510332722,332.3842950022365
CYEG,20,2,5565.366650519464,317.4128943394437,1.971110558444466,141.05815780226948,0.0,10.0,1.971110558444466,151.05815780226948,0.0,10.0,5.987065293311389e-06,10.000076544387463,5.987065293311389e-06,9.999494996954109,-1.9710795772283802,-332.38397386680333,1.9710855642936735,342.3840504111908
CYEG,20,2,5565.366650519464,317.4128943394437,1.971110558444466,141.05815780226948,0.0,20.0,1.971110558444466,161.05815780226948,0.0,20.0,-4.799810881195299e-06,20.00007704136411,-4.799810881195299e-06,20.000543266060486,-1.9710795772283802,-332.38397386680333,1.971074777417499,352.38405090816747
CYEG,20,2,5565.366650519464,317.4128943394437,1.971110558444466,141.05815780226948,1.0,-20.0,2.971110558444455,121.05815780226948,0.9999999999999891,-20.0,1.0000200279499154,77.14985649054549,1.0000200279499154,-19.99592573067079,-1.9710795772283802,-332.38397386680333,2.9710996051782956,409.53383035734885
CYEG,20,2,5565.366650519464,317.4128943394437,1.971110558444466,141.05815780226948,1.0,-10.0,2.971110558444455,131.05815780226948,0.9999999999999891,-10.0,1.0000126735068022,87.1507018698243,1.0000126735068022,-9.994365767459826,-1.9710795772283802,-332.38397386680333,2.9710922507351825,419.5346757366276
CYEG,20,2,5565.366650519464,317.4128943394437,1.971110558444466,141.05815780226948,1.0,0.0,2.971110558444455,141.05815780226948,0.9999999999999891,0.0,1.0000069896796902,97.15019733292931,1.0000069896796902,0.005681956564004054,-1.9710795772283802,-332.38397386680333,2.9710865669080704,429.53417119973267
CYEG,20,2,5565.366650519464,317.4128943394437,1.971110558444466,141.05815780226948,1.0,10.0,2.971110558444455,151.05815780226948,0.9999999999999891,10.0,1.0000116047064012,107.15019100299807,1.0000116047064012,10.005227214173914,-1.9710795772283802,-332.38397386680333,2.9710911819347814,439.53416486980143
CYEG,20,2,5565.366650519464,317.4128943394437,1.971110558444466,141.05815780226948,1.0,20.0,2.971110558444455,161.05815780226948,0.9999999999999891,20.0,1.0000263827416802,117.14978917859443,1.0000263827416802,20.00338950313504,-1.9710795772283802,-332.38397386680333,2.9711059599700604,449.5337630453978
CYEG,20,2,5565.366650519464,317.4128943394437,1.971110558444466,141.05815780226948,2.0,-20.0,3.9711105584444946,121.05815780226948,2.0000000000000284,-20.0,2.0000340939260184,174.314260143596,2.0000340939260184,-20.035941513242875,-1.9710795772283802,-332.38397386680333,3.9711136711543986,506.69823401039935
CYEG,20,2,5565.366650519464,317.4128943394437,1.971110558444466,141.05815780226948,2.0,-10.0,3.9711105584444946,131.05815780226948,2.0000000000000284,-10.0,1.9999968663396999,184.3138802757636,1.9999968663396999,-10.032700908029852,-1.9710795772283802,-332.38397386680333,3.97107644356808,516.6978541425669
CYEG,20,2,5565.366650519464,317.4128943394437,1.971110558444466,141.05815780226948,2.0,0.0,3.9711105584444946,141.05815780226948,2.0000000000000284,0.0,1.9999968033448567,194.31430233754622,1.9999968033448567,-0.03227271984610525,-1.9710795772283802,-332.38397386680333,3.971076380573237,526.6982762043496
CYEG,20,2,5565.366650519464,317.4128943394437,1.971110558444466,141.05815780226948,2.0,10.0,3.9711105584444946,151.05815780226948,2.0000000000000284,10.0,2.00001347837906,204.31379533963752,2.00001347837906,9.965598594752805,-1.9710795772283802,-332.38397386680333,3.97109305560744,536.6977692064409
CYEG,20,2,5565.366650519464,317.4128943394437,1.971110558444466,141.05815780226948,2.0,20.0,3.9711105584444946,161.05815780226948,2.0000000000000284,20.0,1.999998444429906,214.3170412165532,1.999998444429906,19.970306559663726,-1.9710795772283802,-332.38397386680333,3.971078021658286,546.7010150833565
CYEG,20,3,5176.84330015462,311.3188853394437,-6.089320441555541,-213.8542278375472,-2.0,-20.0,-8.089320441555516,-233.8542278375472,-1.9999999999999751,-20.0,-2.0000007967000784,-200.800263116974,-2.0000007967000784,-20.020839465383375,6.089313428235272,761.6764364090427,-8.08931422493535,-962.4766995260168
CYEG,20,3,5176.84330015462,311.3188853394437,-6.089320441555541,-213.8542278375472,-2.0,-10.0,-8.089320441555516,-223.8542278375472,-1.9999999999999751,-10.0,-2.000014623762297,-190.79851816873344,-2.000014623762297,-10.017843677634119,6.089313428235272,761.6764364090427,-8.089328051997569,-952.4749545777761
CYEG,20,3,5176.84330015462,311.3188853394437,-6.089320441555541,-213.8542278375472,-2.0,0.0,-8.089320441555516,-213.8542278375472,-1.9999999999999751,0.0,-2.0000093732776634,-180.79837207330795,-2.0000093732776634,-0.018172557554123614,6.089313428235272,761.6764364090427,-8.089322801512935,-942.4748084823507
CYEG,20,3,5176.84330015462,311.3188853394437,-6.089320441555541,-213.8542278375472,-2.0,10.0,-8.089320441555516,-203.8542278375472,-1.9999999999999751,10.0,-2.000018204610825,-170.7988345538693,-2.000018204610825,9.9821638720463,6.089313428235272,761.6764364090427,-8.089331632846097,-932.475270962912
CYEG,20,3,5176.84330015462,311.3188853394437,-6.089320441555541,-213.8542278375472,-2.0,20.0,-8.089320441555516,-193.8542278375472,-1.9999999999999751,20.0,-2.0000320572644057,-160.7982494925583,-2.0000320572644057,19.984002087967525,6.089313428235272,761.6764364090427,-8.089345485499678,-922.474685901601
CYEG,20,3,5176.84330015462,311.3188853394437,-6.089320441555541,-213.8542278375472,-1.0,-20.0,-7.089320441555531,-233.8542278375472,-0.9999999999999893,-20.0,-0.999994376309786,-110.37951223106434,-0.999994376309786,-20.017884575528598,6.089313428235272,761.6764364090427,-7.089307804545058,-872.0559486401071
CYEG,20,3,5176.84330015462,311.3188853394437,-6.089320441555541,-213.8542278375472,-1.0,-10.0,-7.089320441555531,-223.8542278375472,-0.9999999999999893,-10.0,-1.000007072015336,-100.38003415972506,-1.000007072015336,-10.017259060111414,6.089313428235272,761.6764364090427,-7.089320500250608,-862.0564705687677
CYEG,20,3,5176.84330015462,311.3188853394437,-6.089320441555541,-213.8542278375472,-1.0,0.0,-7.089320441555531,-213.8542278375472,-0.9999999999999893,0.0,-1.0000114616986764,-90.37976651090771,-1.0000114616986764,-0.01659466956445499,6.089313428235272,761.6764364090427,-7.089324889933948,-852.0562029199505
CYEG,20,3,5176.84330015462,311.3188853394437,-6.089320441555541,-213.8542278375472,-1.0,10.0,-7.089320441555531,-203.8542278375472,-0.9999999999999893,10.0,-1.000010004930914,-80.37932334809227,-1.000010004930914,9.98371682986722,6.089313428235272,761.6764364090427,-7.089323433166186,-842.055759757135
CYEG,20,3,5176.84330015462,311.3188853394437,-6.089320441555541,-213.8542278375472,-1.0,20.0,-7.089320441555531,-193.8542278375472,-0.9999999999999893,20.0,-1.0000031731107413,-70.37939606005288,-1.0000031731107413,19.98302665465532,6.089313428235272,761.6764364090427,-7.089316601346013,-832.0558324690955
CYEG,20,3,5176.84330015462,311.3188853394437,-6.089320441555541,-213.8542278375472,0.0,-20.0,-6.089320441555541,-233.8542278375472,0.0,-20.0,7.385668254755728e-07,-19.999916862254643,7.385668254755728e-07,-19.999983593953814,6.089313428235272,761.6764364090427,-6.089312689668446,-781.6763532712973
CYEG,20,3,5176.84330015462,311.3188853394437,-6.089320441555541,-213.8542278375472,0.0,-10.0,-6.089320441555541,-223.8542278375472,0.0,-10.0,3.5583873625455453e-06,-9.999846474302526,3.5583873625455453e-06,-10.000167985135151,6.089313428235272,761.6764364090427,-6.089309869847909,-771.6762828833453
CYEG,20,3,5176.84330015462,311.3188853394437,-6.089320441555541,-213.8542278375472,0.0,0.0,-6.089320441555541,-213.8542278375472,0.0,0.0,-4.333594461058965e-08,4.1621277258485634e-05,-4.333594461058965e-08,4.55368081478416e-05,6.089313428235272,761.6764364090427,-6.0893134715712165,-761.6763947877655
CYEG,20,3,5176.84330015462,311.3188853394437,-6.089320441555541,-213.8542278375472,0.0,10.0,-6.089320441555541,-203.8542278375472,0.0,10.0,2.7801981161701406e-06,10.000104457684742,2.7801981161701406e-06,9.999853258554316,6.089313428235272,761.6764364090427,-6.089310648037156,-751.676331951358
CYEG,20,3,5176.84330015462,311.3188853394437,-6.089320441555541,-213.8542278375472,0.0,20.0,-6.089320441555541,-193.8542278375472,0.0,20.0,-4.641015266315662e-06,19.99991188223796,-4.641015266315662e-06,20.000331211706754,6.089313428235272,761.6764364090427,-6.089318069250538,-741.6765245268048
CYEG,20,3,5176.84330015462,311.3188853394437,-6.089320441555541,-213.8542278375472,1.0,-20.0,-5.089320441555502,-233.8542278375472,1.000000000000039,-20.0,0.9999966215201823,70.31093132437766,0.9999966215201823,-20.05089925437133,6.089313428235272,761.6764364090427,-5.08931680671509,-691.3655050846651
CYEG,20,3,5176.84330015462,311.3188853394437,-6.089320441555541,-213.8542278375472,1.0,-10.0,-5.089320441555502,-223.8542278375472,1.000000000000039,-10.0,0.9999834725806522,80.31068808135458,0.9999834725806522,-10.04995408981543,6.089313428235272,761.6764364090427,-5.08932995565462,-681.3657483276882
CYEG,20,3,5176.84330015462,311.3188853394437,-6.089320441555541,-213.8542278375472,1.0,0.0,-5.089320441555502,-213.8542278375472,1.000000000000039,0.0,0.9999912279376986,90.31079143569994,0.9999912279376986,-0.05055166842784331,6.089313428235272,761.6764364090427,-5.089322200297573,-671.3656449733428
CYEG,20,3,5176.84330015462,311.3188853394437,-6.089320441555541,-213.8542278375472,1.0,10.0,-5.089320441555502,-203.8542278375472,1.000000000000039,10.0,0.9999869717425156,100.31029842810744,0.9999869717425156,9.949340000979532,6.089313428235272,761.6764364090427,-5.089326456492756,-661.3661379809353
CYEG,20,3,5176.84330015462,311.3188853394437,-6.089320441555541,-213.8542278375472,1.0,20.0,-5.089320441555502,-193.8542278375472,1.000000000000039,20.0,1.0000110323612716,110.31108701888849,1.0000110323612716,19.947953981270146,6.089313428235272,761.6764364090427,-5.089302395874,-651.3653493901543
CYEG,20,3,5176.84330015462,311.3188853394437,-6.089320441555541,-213.8542278375472,2.0,-20.0,-4.089320441555513,-233.8542278375472,2.0000000000000284,-20.0,1.9999995132801303,160.523533907566,1.9999995132801303,-20.255773641823254,6.089313428235272,761.6764364090427,-4.089313914955142,-601.1529025014768
CYEG,20,3,5176.84330015462,311.3188853394437,-6.089320441555541,-213.8542278375472,2.0,-10.0,-4.089320441555513,-223.8542278375472,2.0000000000000284,-10.0,2.000002882370012,170.52365665466976,2.000002882370012,-10.25595567317734,6.089313428235272,761.6764364090427,-4.08931054586526,-591.1527797543729
CYEG,20,3,5176.84330015462,311.3188853394437,-6.089320441555541,-213.8542278375472,2.0,0.0,-4.089320441555513,-213.8542278375472,2.0000000000000284,0.0,1.9999608298028022,180.52322315426306,1.9999608298028022,-0.2525849662973485,6.089313428235272,761.6764364090427,-4.08935259843247,-581.1532132547796
CYEG,20,3,5176.84330015462,311.3188853394437,-6.089320441555541,-213.8542278375472,2.0,10.0,-4.089320441555513,-203.8542278375472,2.0000000000000284,10.0,1.9999888846639067,190.52468384915755,1.9999888846639067,9.746337797783156,6.089313428235272,761.6764364090427,-4.089324543571365,-571.1517525598852
CYEG,20,3,5176.84330015462,311.3188853394437,-6.089320441555541,-213.8542278375472,2.0,20.0,-4.089320441555513,-193.8542278375472,2.0000000000000284,20.0,2.0000014578671994,200.52448381285046,2.0000014578671994,19.745000350004403,6.089313428235272,761.6764364090427,-4.0893119703680725,-561.1519525961922
CYEG,20,4,4979.078927066569,276.7482723394437,3.0807655584444826,-29.975394393601775,-2.0,-20.0,1.0807655584445055,-49.975394393601775,-1.9999999999999771,-20.0,-2.000018959139652,-193.78385394508385,-2.000018959139652,-19.908936868322655,-3.0807915844792717,-237.65581132408076,1.0807726253396197,43.87195737899691
CYEG,20,4,4979.078927066569,276.7482723394437,3.0807655584444826,-29.975394393601775,-2.0,-10.0,1.0807655584445055,-39.975394393601775,-1.9999999999999771,-10.0,-2.000023217104342,-183.78489847935242,-2.000023217104342,-9.909610928597402,-3.0807915844792717,-237.65581132408076,1.0807683673749295,53.87091284472834
CYEG,20,4,4979.078927066569,276.7482723394437,3.0807655584444826,-29.975394393601775,-2.0,0.0,1.0807655584445055,-29.975394393601775,-1.9999999999999771,0.0,-2.000009190414545,-173.78314355845157,-2.000009190414545,0.0909235679606013,-3.0807915844792717,-237.65581132408076,1.0807823940647268,63.87266776562919
CYEG,20,4,4979.078927066569,276.7482723394437,3.0807655584444826,-29.975394393601775,-2.0,10.0,1.0807655584445055,-19.975394393601775,-1.9999999999999771,10.0,-1.9999941637512961,-163.78460764136446,-1.9999941637512961,10.088152055742597,-3.0807915844792717,-237.65581132408076,1.0807974207279756,73.8712036827163
CYEG,20,4,4979.078927066569,276.7482723394437,3.0807655584444826,-29.975394393601775,-2.0,20.0,1.0807655584445055,-9.975394393601775,-1.9999999999999771,20.0,-2.0000068524384176,-153.78325071111271,-2.0000068524384176,20.09061299432196,-3.0807915844792717,-237.65581132408076,1.0807847320408541,83.87256061296804
CYEG,20,4,4979.078927066569,276.7482723394437,3.0807655584444826,-29.975394393601775,-1.0,-20.0,2.080765558444494,-49.975394393601775,-0.9999999999999885,-20.0,-1.0000019479964521,-106.90142045784623,-1.0000019479964521,-19.991105168137054,-3.0807915844792717,-237.65581132408076,2.0807896364828196,130.75439086623453
CYEG,20,4,4979.078927066569,276.7482723394437,3.0807655584444826,-29.975394393601775,-1.0,-10.0,2.080765558444494,-39.975394393601775,-0.9999999999999885,-10.0,-0.9999880059305326,-96.90143805027473,-0.9999880059305326,-9.992334713652184,-3.0807915844792717,-237.65581132408076,2.080803578548739,140.75437327380604
CYEG,20,4,4979.078927066569,276.7482723394437,3.0807655584444826,-29.975394393601775,-1.0,0.0,2.080765558444494,-29.975394393601775,-0.9999999999999885,0.0,-1.000007192458611,-86.9013378537541,-1.000007192458611,0.00943332550363607,-3.0807915844792717,-237.65581132408076,2.080784392020661,150.75447347032667
CYEG,20,4,4979.078927066569,276.7482723394437,3.0807655584444826,-29.975394393601775,-1.0,10.0,2.080765558444494,-19.975394393601775,-0.9999999999999885,10.0,-0.999996006898499,-76.90112739503641,-0.999996006898499,10.00867144811015,-3.0807915844792717,-237.65581132408076,2.0807955775807727,160.75468392904435
CYEG,20,4,4979.078927066569,276.7482723394437,3.0807655584444826,-29.975394393601775,-1.0,20.0,2.080765558444494,-9.975394393601775,-0.9999999999999885,20.0,-1.0000139495355427,-66.90110256073186,-1.0000139495355427,20.01025599634842,-3.0807915844792717,-237.65581132408076,2.080777634943729,170.7547087633489
CYEG,20,4,4979.078927066569,276.7482723394437,3.0807655584444826,-29.975394393601775,0.0,-20.0,3.0807655584444826,-49.975394393601775,0.0,-20.0,3.306719463580521e-06,-20.000152640605123,3.306719463580521e-06,-20.000439998894663,-3.0807915844792717,-237.65581132408076,3.0807948911987353,217.65565868347562
CYEG,20,4,4979.078927066569,276.7482723394437,3.0807655584444826,-29.975394393601775,0.0,-10.0,3.0807655584444826,-39.975394393601775,0.0,-10.0,-5.381990888508881e-07,-10.000016937695507,-5.381990888508881e-07,-9.99997016748373,-3.0807915844792717,-237.65581132408076,3.080791046280183,227.65579438638525
CYEG,20,4,4979.078927066569,276.7482723394437,3.0807655584444826,-29.975394393601775,0.0,0.0,3.0807655584444826,-29.975394393601775,0.0,0.0,4.495415936389691e-06,3.876841917360707e-05,4.495415936389691e-06,-0.0003518891641160395,-3.0807915844792717,-237.65581132408076,3.080796079895208,237.65585009249992
CYEG,20,4,4979.078927066569,276.7482723394437,3.0807655584444826,-29.975394393601775,0.0,10.0,3.0807655584444826,-19.975394393601775,0.0,10.0,-2.7772448163432273e-06,10.00002459129889,-2.7772448163432273e-06,10.000265937542155,-3.0807915844792717,-237.65581132408076,3.0807888072344554,247.65583591537964
CYEG,20,4,4979.078927066569,276.7482723394437,3.0807655584444826,-29.975394393601775,0.0,20.0,3.0807655584444826,-9.975394393601775,0.0,20.0,3.98810584556486e-08,20.000214312369945,3.98810584556486e-08,20.00021084665328,-3.0807915844792717,-237.65581132408076,3.08079162436033,257.6560256364507
CYEG,20,4,4979.078927066569,276.7482723394437,3.0807655584444826,-29.975394393601775,1.0,-20.0,4.080765558444524,-49.975394393601775,1.0000000000000413,-20.0,1.000000162862392,66.89206800532399,1.000000162862392,-20.01809210661203,-3.0807915844792717,-237.65581132408076,4.080791747341664,304.54787932940474
CYEG,20,4,4979.078927066569,276.7482723394437,3.0807655584444826,-29.975394393601775,1.0,-10.0,4.080765558444524,-39.975394393601775,1.0000000000000413,-10.0,0.9999960134274488,76.89209782390483,0.9999960134274488,-10.017701586788945,-3.0807915844792717,-237.65581132408076,4.0807875979067205,314.5479091479856
CYEG,20,4,4979.078927066569,276.7482723394437,3.0807655584444826,-29.975394393601775,1.0,0.0,4.080765558444524,-29.975394393601775,1.0000000000000413,0.0,1.000008526620121,86.89218055309745,1.000008526620121,-0.018706601883138774,-3.0807915844792717,-237.65581132408076,4.080800111099393,324.5479918771782
CYEG,20,4,4979.078927066569,276.7482723394437,3.0807655584444826,-29.975394393601775,1.0,10.0,4.080765558444524,-19.975394393601775,1.0000000000000413,10.0,0.9999919388209833,96.891429181624,0.9999919388209833,9.981983967496802,-3.0807915844792717,-237.65581132408076,4.080783523300255,334.54724050570474
CYEG,20,4,4979.078927066569,276.7482723394437,3.0807655584444826,-29.975394393601775,1.0,20.0,4.080765558444524,-9.975394393601775,1.0000000000000413,20.0,1.000012758330456,106.89268138685391,1.000012758330456,19.98142637860964,-3.0807915844792717,-237.65581132408076,4.080804342809728,344.5484927109347
CYEG,20,4,4979.078927066569,276.7482723394437,3.0807655584444826,-29.975394393601775,2.0,-20.0,5.080765558444511,-49.975394393601775,2.000000000000028,-20.0,1.9999421230377834,153.74389424433997,1.9999421230377834,-20.12433753129841,-3.0807915844792717,-237.65581132408076,5.080733707517055,391.3997055684207
CYEG,20,4,4979.078927066569,276.7482723394437,3.0807655584444826,-29.975394393601775,2.0,-10.0,5.080765558444511,-39.975394393601775,2.000000000000028,-10.0,1.9999948563407486,163.7438023324224,1.9999948563407486,-10.129017625018122,-3.0807915844792717,-237.65581132408076,5.08078644082002,401.39961365650316
CYEG,20,4,4979.078927066569,276.7482723394437,3.0807655584444826,-29.975394393601775,2.0,0.0,5.080765558444511,-29.975394393601775,2.000000000000028,0.0,2.0000308253798664,173.74628447389318,2.0000308253798664,-0.12966505234663828,-3.0807915844792717,-237.65581132408076,5.080822409859138,411.40209579797397
CYEG,20,4,4979.078927066569,276.7482723394437,3.0807655584444826,-29.975394393601775,2.0,10.0,5.080765558444511,-19.975394393601775,2.000000000000028,10.0,2.0000562705332925,183.74770039871157,2.0000562705332925,9.86953695841703,-3.0807915844792717,-237.65581132408076,5.080847855012564,421.40351172279236
CYEG,20,4,4979.078927066569,276.7482723394437,3.0807655584444826,-29.975394393601775,2.0,20.0,5.080765558444511,-9.975394393601775,2.000000000000028,20.0,1.9999968920235176,193.7492798237497,1.9999968920235176,19.87628274706151,-3.0807915844792717,-237.65581132408076,5.080788476502789,431.4050911478305
CYEG,20,5,4910.912306945622,294.4608183394437,4.937291558444473,53.164364946983,-2.0,-20.0,2.937291558444495,33.164364946983,-1.9999999999999778,-20.0,-1.999998164751787,-191.34994873522768,-1.999998164751787,-19.857269564056537,-4.937211762878064,-475.58481625713836,2.9372135981262772,284.2348675219107
CYEG,20,5,4910.912306945622,294.4608183394437,4.937291558444473,53.164364946983,-2.0,-10.0,2.937291558444495,43.164364946983,-1.9999999999999778,-10.0,-2.000021936185931,-181.35106636978475,-2.000021936185931,-9.856347226559905,-4.937211762878064,-475.58481625713836,2.9371898266921335,294.2337498873536
CYEG,20,5,4910.912306945622,294.4608183394437,4.937291558444473,53.164364946983,-2.0,0.0,2.937291558444495,53.164364946983,-1.9999999999999778,0.0,-1.9999945082955435,-171.3516449955598,-1.9999945082955435,0.1407203927582259,-4.937211762878064,-475.58481625713836,2.937217254582521,304.23317126157855
CYEG,20,5,4910.912306945622,294.4608183394437,4.937291558444473,53.164364946983,-2.0,10.0,2.937291558444495,63.164364946983,-1.9999999999999778,10.0,-1.9999690267099481,-161.35189720717915,-1.9999690267099481,10.13828145061214,-4.937211762878064,-475.58481625713836,2.937242736168116,314.2329190499592
CYEG,20,5,4910.912306945622,294.4608183394437,4.937291558444473,53.164364946983,-2.0,20.0,2.937291558444495,73.164364946983,-1.9999999999999778,20.0,-1.9999764518144332,-151.35205727207486,-1.9999764518144332,20.138758579285195,-4.937211762878064,-475.58481625713836,2.937235311063631,324.23275898506347
CYEG,20,5,4910.912306945622,294.4608183394437,4.937291558444473,53.164364946983,-1.0,-20.0,3.9372915584444845,33.164364946983,-0.9999999999999885,-20.0,-1.0000099312042323,-105.69816562732254,-1.0000099312042323,-19.977020974156687,-4.937211762878064,-475.58481625713836,3.937201831673832,369.8866506298158
CYEG,20,5,4910.912306945622,294.4608183394437,4.937291558444473,53.164364946983,-1.0,-10.0,3.9372915584444845,43.164364946983,-0.9999999999999885,-10.0,-1.0000076781113592,-95.69771515965417,-1.0000076781113592,-9.976763681498227,-4.937211762878064,-475.58481625713836,3.937204084766705,379.8871010974842
CYEG,20,5,4910.912306945622,294.4608183394437,4.937291558444473,53.164364946983,-1.0,0.0,3.9372915584444845,53.164364946983,-0.9999999999999885,0.0,-1.0000062751464611,-85.69779984214574,-1.0000062751464611,0.02303134902111026,-4.937211762878064,-475.58481625713836,3.937205487731603,389.8870164149926
CYEG,20,5,4910.912306945622,294.4608183394437,4.937291558444473,53.164364946983,-1.0,10.0,3.9372915584444845,63.164364946983,-0.9999999999999885,10.0,-0.9999961287690553,-75.69847975728702,-0.9999961287690553,10.021481506780788,-4.937211762878064,-475.58481625713836,3.937215634109009,399.8863364998513
CYEG,20,5,4910.912306945622,294.4608183394437,4.937291558444473,53.164364946983,-1.0,20.0,3.9372915584444845,73.164364946983,-0.9999999999999885,20.0,-1.0000152763560664,-65.69802829848373,-1.0000152763560664,20.023574635729176,-4.937211762878064,-475.58481625713836,3.937196486521998,409.8867879586546
CYEG,20,5,4910.912306945622,294.4608183394437,4.937291558444473,53.164364946983,0.0,-20.0,4.937291558444473,33.164364946983,0.0,-20.0,2.2877935634824098e-07,-20.000029623836117,2.2877935634824098e-07,-20.000049232878286,-4.937211762878064,-475.58481625713836,4.937211991657421,455.58478663330226
CYEG,20,5,4910.912306945622,294.4608183394437,4.937291558444473,53.164364946983,0.0,-10.0,4.937291558444473,43.164364946983,0.0,-10.0,-2.887665289108554e-06,-10.000119834013118,-2.887665289108554e-06,-9.999872327632593,-4.937211762878064,-475.58481625713836,4.937208875212775,465.58469642312525
CYEG,20,5,4910.912306945622,294.4608183394437,4.937291558444473,53.164364946983,0.0,0.0,4.937291558444473,53.164364946983,0.0,0.0,-5.115988130910409e-07,3.0208606643711278e-05,-5.115988130910409e-07,7.405855386109588e-05,-4.937211762878064,-475.58481625713836,4.937211251279251,475.584846465745
CYEG,20,5,4910.912306945622,294.4608183394437,4.937291558444473,53.164364946983,0.0,10.0,4.937291558444473,63.164364946983,0.0,10.0,6.405420833743847e-07,10.000122628375495,6.405420833743847e-07,10.000067726495686,-4.937211762878064,-475.58481625713836,4.937212403420148,485.58493888551385
CYEG,20,5,4910.912306945622,294.4608183394437,4.937291558444473,53.164364946983,0.0,20.0,4.937291558444473,73.164364946983,0.0,20.0,1.505931720657827e-06,20.00020809995299,1.505931720657827e-06,20.000079024152235,-4.937211762878064,-475.58481625713836,4.937213268809785,495.58502435709136
CYEG,20,5,4910.912306945622,294.4608183394437,4.937291558444473,53.164364946983,1.0,-20.0,5.937291558444463,33.164364946983,0.9999999999999902,-20.0,0.9999984159072994,65.71507822089526,0.9999984159072994,-20.005079137153047,-4.937211762878064,-475.58481625713836,5.937210178785364,541.2998944780336
CYEG,20,5,4910.912306945622,294.4608183394437,4.937291558444473,53.164364946983,1.0,-10.0,5.937291558444463,43.164364946983,0.9999999999999902,-10.0,0.9999892968982351,75.71544597799614,0.9999892968982351,-10.003929537158996,-4.937211762878064,-475.58481625713836,5.937201059776299,551.3002622351345
CYEG,20,5,4910.912306945622,294.4608183394437,4.937291558444473,53.164364946983,1.0,0.0,5.937291558444463,53.164364946983,0.9999999999999902,0.0,1.0000087838756144,85.71538495123335,1.0000087838756144,-0.005661332611012426,-4.937211762878064,-475.58481625713836,5.937220546753679,561.3002012083717
CYEG,20,5,4910.912306945622,294.4608183394437,4.937291558444473,53.164364946983,1.0,10.0,5.937291558444463,63.164364946983,0.9999999999999902,10.0,1.000010486743406,95.71552815902488,1.000010486743406,9.994335875205707,-4.937211762878064,-475.58481625713836,5.93722224962147,571.3003444161633
CYEG,20,5,4910.912306945622,294.4608183394437,4.937291558444473,53.164364946983,1.0,20.0,5.937291558444463,73.164364946983,0.9999999999999902,20.0,0.9999938568660696,105.71468222478154,0.9999938568660696,19.9949157484579,-4.937211762878064,-475.58481625713836,5.937205619744134,581.29949848192
CYEG,20,5,4910.912306945622,294.4608183394437,4.937291558444473,53.164364946983,2.0,-20.0,6.9372915584445005,33.164364946983,2.0000000000000275,-20.0,2.000016326775267,151.42076404102332,2.000016326775267,-20.073473724382694,-4.937211762878064,-475.58481625713836,6.937228089653331,627.0055802981617
CYEG,20,5,4910.912306945622,294.4608183394437,4.937291558444473,53.164364946983,2.0,-10.0,6.9372915584445005,43.164364946983,2.0000000000000275,-10.0,1.9999814723757936,161.4197026226022,1.9999814723757936,-10.071544073797327,-4.937211762878064,-475.58481625713836,6.937193235253858,637.0045188797405
CYEG,20,5,4910.912306945622,294.4608183394437,4.937291558444473,53.164364946983,2.0,0.0,6.9372915584445005,53.164364946983,2.0000000000000275,0.0,1.9999797420333039,171.42247687847637,1.9999797420333039,-0.06862132666364573,-4.937211762878064,-475.58481625713836,6.937191504911368,647.0072931356148
CYEG,20,5,4910.912306945622,294.4608183394437,4.937291558444473,53.164364946983,2.0,10.0,6.9372915584445005,63.164364946983,2.0000000000000275,10.0,2.0000454153323233,181.41921762004694,2.0000454153323233,9.92248358770874,-4.937211762878064,-475.58481625713836,6.937257178210388,657.0040338771853
CYEG,20,5,4910.912306945622,294.4608183394437,4.937291558444473,53.164364946983,2.0,20.0,6.9372915584445005,73.164364946983,2.0000000000000275,20.0,1.999985488533241,191.4197688327672,1.999985488533241,19.928177485361715,-4.937211762878064,-475.58481625713836,6.937197251411305,667.0045850899055
CYEG,20,6,4807.047720222587,287.06907233944366,-2.529648441555533,40.16793467144851,-2.0,-20.0,-4.529648441555561,20.167934671448513,-2.000000000000028,-20.0,-2.0000010531662724,-187.73550173192353,-2.0000010531662724,-19.869607891051317,2.5296722016020112,172.03456018467884,-4.529673254768284,-359.77006191660234
CYEG,20,6,4807.047720222587,287.06907233944366,-2.529648441555533,40.16793467144851,-2.0,-10.0,-4.529648441555561,30.167934671448513,-2.000000000000028,-10.0,-1.9999987826010397,-177.7338319104847,-1.9999987826010397,-9.86812879963793,2.5296722016020112,172.03456018467884,-4.529670984203051,-349.76839209516356
CYEG,20,6,4807.047720222587,287.06907233944366,-2.529648441555533,40.16793467144851,-2.0,0.0,-4.529648441555561,40.16793467144851,-2.000000000000028,0.0,-2.000022710305018,-167.73605530625736,-2.000022710305018,0.13165775857939366,2.5296722016020112,172.03456018467884,-4.529694911907029,-339.77061549093617
CYEG,20,6,4807.047720222587,287.06907233944366,-2.529648441555533,40.16793467144851,-2.0,10.0,-4.529648441555561,50.16793467144851,-2.000000000000028,10.0,-1.99998191465167,-157.73573038494897,-1.99998191465167,10.128555799253803,2.5296722016020112,172.03456018467884,-4.529654116253681,-329.77029056962783
CYEG,20,6,4807.047720222587,287.06907233944366,-2.529648441555533,40.16793467144851,-2.0,20.0,-4.529648441555561,60.16793467144851,-2.000000000000028,20.0,-1.9999832529234993,-147.73460683934127,-1.9999832529234993,20.12979176119333,2.5296722016020112,172.03456018467884,-4.5296554545255105,-319.76916702402013
CYEG,20,6,4807.047720222587,287.06907233944366,-2.529648441555533,40.16793467144851,-1.0,-20.0,-3.5296484415555214,20.167934671448513,-0.9999999999999885,-20.0,-1.000005624726242,-103.88779057129177,-1.000005624726242,-19.97998845014645,2.5296722016020112,172.03456018467884,-3.5296778263282533,-275.9223507559706
CYEG,20,6,4807.047720222587,287.06907233944366,-2.529648441555533,40.16793467144851,-1.0,-10.0,-3.5296484415555214,30.167934671448513,-0.9999999999999885,-10.0,-0.9999985808311465,-93.8872855892512,-0.9999985808311465,-9.980074622580716,2.5296722016020112,172.03456018467884,-3.5296707824331577,-265.92184577393004
CYEG,20,6,4807.047720222587,287.06907233944366,-2.529648441555533,40.16793467144851,-1.0,0.0,-3.5296484415555214,40.16793467144851,-0.9999999999999885,0.0,-0.9999907057687949,-83.88765260007983,-0.9999907057687949,0.018897456928527845,2.5296722016020112,172.03456018467884,-3.529662907370806,-255.92221278475867
CYEG,20,6,4807.047720222587,287.06907233944366,-2.529648441555533,40.16793467144851,-1.0,10.0,-3.5296484415555214,50.16793467144851,-0.9999999999999885,10.0,-1.0000042340222137,-73.88747444687061,-1.0000042340222137,10.0202109603118,2.5296722016020112,172.03456018467884,-3.529676435624225,-245.92203463154945
CYEG,20,6,4807.047720222587,287.06907233944366,-2.529648441555533,40.16793467144851,-1.0,20.0,-3.5296484415555214,60.16793467144851,-0.9999999999999885,20.0,-1.000010799640478,-63.8873707727361,-1.000010799640478,20.02086564984007,2.5296722016020112,172.03456018467884,-3.529683001242489,-235.92193095741493
CYEG,20,6,4807.047720222587,287.06907233944366,-2.529648441555533,40.16793467144851,0.0,-20.0,-2.529648441555533,20.167934671448513,0.0,-20.0,1.5827518211608549e-06,-19.99977627582507,1.5827518211608549e-06,-19.99990906681942,2.5296722016020112,172.03456018467884,-2.52967061885019,-192.0343364605039
CYEG,20,6,4807.047720222587,287.06907233944366,-2.529648441555533,40.16793467144851,0.0,-10.0,-2.529648441555533,30.167934671448513,0.0,-10.0,1.1881704722327413e-06,-9.999969264905348,1.1881704722327413e-06,-10.000068950994066,2.5296722016020112,172.03456018467884,-2.529671013431539,-182.0345294495842
CYEG,20,6,4807.047720222587,287.06907233944366,-2.529648441555533,40.16793467144851,0.0,0.0,-2.529648441555533,40.16793467144851,0.0,0.0,-8.888439424481476e-07,-6.732641466022926e-05,-8.888439424481476e-07,7.246534403208078e-06,2.5296722016020112,172.03456018467884,-2.5296730904459537,-172.0346275110935
CYEG,20,6,4807.047720222587,287.06907233944366,-2.529648441555533,40.16793467144851,0.0,10.0,-2.529648441555533,50.16793467144851,0.0,10.0,4.135517599479499e-06,10.000171995663944,4.135517599479499e-06,9.999825030658538,2.5296722016020112,172.03456018467884,-2.5296680660844117,-162.0343881890149
CYEG,20,6,4807.047720222587,287.06907233944366,-2.529648441555533,40.16793467144851,0.0,20.0,-2.529648441555533,60.16793467144851,0.0,20.0,-7.870542049204232e-07,20.000010239750274,-7.870542049204232e-07,20.000076272661488,2.5296722016020112,172.03456018467884,-2.529672988656216,-152.03454994492856
CYEG,20,6,4807.047720222587,287.06907233944366,-2.529648441555533,40.16793467144851,1.0,-20.0,-1.529648441555544,20.167934671448513,0.9999999999999889,-20.0,1.0000123986664278,63.90047675131666,1.0000123986664278,-20.007893868509512,2.5296722016020112,172.03456018467884,-1.5296598029355835,-108.13408343336218
CYEG,20,6,4807.047720222587,287.06907233944366,-2.529648441555533,40.16793467144851,1.0,-10.0,-1.529648441555544,30.167934671448513,0.9999999999999889,-10.0,1.000014042669477,73.90090574337415,1.000014042669477,-10.007602848377005,2.5296722016020112,172.03456018467884,-1.5296581589325342,-98.13365444130469
CYEG,20,6,4807.047720222587,287.06907233944366,-2.529648441555533,40.16793467144851,1.0,0.0,-1.529648441555544,40.16793467144851,0.9999999999999889,0.0,1.0000029609649062,83.9009360539074,1.0000029609649062,-0.006642512739389872,2.5296722016020112,172.03456018467884,-1.529669240637105,-88.13362413077144
CYEG,20,6,4807.047720222587,287.06907233944366,-2.529648441555533,40.16793467144851,1.0,10.0,-1.529648441555544,50.16793467144851,0.9999999999999889,10.0,0.9999989660429947,93.90042652596452,0.9999989660429947,9.99318323063153,2.5296722016020112,172.03456018467884,-1.5296732355590166,-78.13413365871432
CYEG,20,6,4807.047720222587,287.06907233944366,-2.529648441555533,40.16793467144851,1.0,20.0,-1.529648441555544,60.16793467144851,0.9999999999999889,20.0,0.9999902606476212,103.90094009145592,0.9999902606476212,19.994427390962414,2.5296722016020112,172.03456018467884,-1.52968194095439,-68.13362009322292
CYEG,20,6,4807.047720222587,287.06907233944366,-2.529648441555533,40.16793467144851,2.0,-20.0,-0.5296484415555556,20.167934671448513,1.9999999999999774,-20.0,2.000001321550343,147.78751552823465,2.000001321550343,-20.078400857200478,2.5296722016020112,172.03456018467884,-0.5296708800516683,-24.24704465644419
CYEG,20,6,4807.047720222587,287.06907233944366,-2.529648441555533,40.16793467144851,2.0,-10.0,-0.5296484415555556,30.167934671448513,1.9999999999999774,-10.0,2.0000029347955603,157.78804907047945,2.0000029347955603,-10.078002829363157,2.5296722016020112,172.03456018467884,-0.5296692668064509,-14.246511114199393
CYEG,20,6,4807.047720222587,287.06907233944366,-2.529648441555533,40.16793467144851,2.0,0.0,-0.5296484415555556,40.16793467144851,1.9999999999999774,0.0,2.0000139138255406,167.7877167268322,2.0000139138255406,-0.07925742384870205,2.5296722016020112,172.03456018467884,-0.5296582877764706,-4.246843457846637
CYEG,20,6,4807.047720222587,287.06907233944366,-2.529648441555533,40.16793467144851,2.0,10.0,-0.5296484415555556,50.16793467144851,1.9999999999999774,10.0,2.0000418341232375,177.7873940554008,2.0000418341232375,9.918074568327398,2.5296722016020112,172.03456018467884,-0.5296303674787737,5.7528338707219575
CYEG,20,6,4807.047720222587,287.06907233944366,-2.529648441555533,40.16793467144851,2.0,20.0,-0.5296484415555556,60.16793467144851,1.9999999999999774,20.0,2.0000242390647713,187.78761378860898,2.0000242390647713,19.919772306235103,2.5296722016020112,172.03456018467884,-0.5296479625372399,15.753053603930141
CYEG,20,7,4726.594082977713,252.22962533944371,-0.5499374415555012,-226.65809690485517,-2.0,-20.0,-2.5499374415554783,-246.65809690485517,-1.9999999999999771,-20.0,-2.000041801563583,-185.09190332754406,-2.000041801563583,-20.032148265055014,0.5499134943267734,272.0108924458722,-2.5499552958903564,-457.10279577341623
CYEG,20,7,4726.594082977713,252.22962533944371,-0.5499374415555012,-226.65809690485517,-2.0,-10.0,-2.5499374415554783,-236.65809690485517,-1.9999999999999771,-10.0,-2.000053843932079,-175.09181531652615,-2.000053843932079,-10.031065611806753,0.5499134943267734,272.0108924458722,-2.5499673382588526,-447.1027077623983
CYEG,20,7,4726.594082977713,252.22962533944371,-0.5499374415555012,-226.65809690485517,-2.0,0.0,-2.5499374415554783,-226.65809690485517,-1.9999999999999771,0.0,-2.000024914569593,-165.0932695422241,-2.000024914569593,-0.03490926491173241,0.5499134943267734,272.0108924458722,-2.5499384088963666,-437.1041619880963
CYEG,20,7,4726.594082977713,252.22962533944371,-0.5499374415555012,-226.65809690485517,-2.0,10.0,-2.5499374415554783,-216.65809690485517,-1.9999999999999771,10.0,-2.0000433807303466,-155.09324268465144,-2.0000433807303466,9.966642809483375,0.5499134943267734,272.0108924458722,-2.54995687505712,-427.1041351305236
CYEG,20,7,4726.594082977713,252.22962533944371,-0.5499374415555012,-226.65809690485517,-2.0,20.0,-2.5499374415554783,-206.65809690485517,-1.9999999999999771,20.0,-2.0000632176160025,-145.0913519973787,-2.0000632176160025,19.970171928957427,0.5499134943267734,272.0108924458722,-2.549976711942776,-417.10224444325087
CYEG,20,7,4726.594082977713,252.22962533944371,-0.5499374415555012,-226.65809690485517,-1.0,-20.0,-1.5499374415554898,-246.65809690485517,-0.9999999999999887,-20.0,-1.0000101831415122,-102.5235849293718,-1.0000101831415122,-20.01973801123428,0.5499134943267734,272.0108924458722,-1.5499236774682856,-374.53447737524397
CYEG,20,7,4726.594082977713,252.22962533944371,-0.5499374415555012,-226.65809690485517,-1.0,-10.0,-1.5499374415554898,-236.65809690485517,-0.9999999999999887,-10.0,-1.000015349641302,-92.5228534234673,-1.000015349641302,-10.018580166985402,0.5499134943267734,272.0108924458722,-1.5499288439680754,-364.53374586933944
CYEG,20,7,4726.594082977713,252.22962533944371,-0.5499374415555012,-226.65809690485517,-1.0,0.0,-1.5499374415554898,-226.65809690485517,-0.9999999999999887,0.0,-1.0000129707458143,-82.52255408853598,-1.0000129707458143,-0.018477137948949007,0.5499134943267734,272.0108924458722,-1.5499264650725877,-354.53344653440814
CYEG,20,7,4726.594082977713,252.22962533944371,-0.5499374415555012,-226.65809690485517,-1.0,10.0,-1.5499374415554898,-216.65809690485517,-0.9999999999999887,10.0,-1.000006302321168,-72.52283011532356,-1.000006302321168,9.980696558435127,0.5499134943267734,272.0108924458722,-1.5499197966479414,-344.53372256119576
CYEG,20,7,4726.594082977713,252.22962533944371,-0.5499374415555012,-226.65809690485517,-1.0,20.0,-1.5499374415554898,-206.65809690485517,-0.9999999999999887,20.0,-1.00001281538988,-62.52305059140337,-1.00001281538988,19.9810135392486,0.5499134943267734,272.0108924458722,-1.5499263097166533,-334.53394303727555
CYEG,20,7,4726.594082977713,252.22962533944371,-0.5499374415555012,-226.65809690485517,0.0,-20.0,-0.5499374415555012,-246.65809690485517,0.0,-20.0,1.1836638691420376e-06,-19.999726303599147,1.1836638691420376e-06,-19.999823949511075,0.5499134943267734,272.0108924458722,-0.5499123106629042,-292.0106187494713
CYEG,20,7,4726.594082977713,252.22962533944371,-0.5499374415555012,-226.65809690485517,0.0,-10.0,-0.5499374415555012,-236.65809690485517,0.0,-10.0,-3.412975075889335e-06,-10.00011998139757,-3.412975075889335e-06,-9.999838429284374,0.5499134943267734,272.0108924458722,-0.5499169073018493,-282.01101242726975
CYEG,20,7,4726.594082977713,252.22962533944371,-0.5499374415555012,-226.65809690485517,0.0,0.0,-0.5499374415555012,-226.65809690485517,0.0,0.0,6.846039241281687e-06,0.00032554516129401634,6.846039241281687e-06,-0.00023921630708406921,0.5499134943267734,272.0108924458722,-0.5499066482875321,-272.0105669007109
CYEG,20,7,4726.594082977713,252.22962533944371,-0.5499374415555012,-226.65809690485517,0.0,10.0,-0.5499374415555012,-216.65809690485517,0.0,10.0,-7.715285050835519e-07,9.999908978632822,-7.715285050835519e-07,9.99997262559073,0.5499134943267734,272.0108924458722,-0.5499142658552785,-262.0109834672393
CYEG,20,7,4726.594082977713,252.22962533944371,-0.5499374415555012,-226.65809690485517,0.0,20.0,-0.5499374415555012,-206.65809690485517,0.0,20.0,-2.909285598207134e-06,20.000033674005927,-2.909285598207134e-06,20.00027367444245,0.5499134943267734,272.0108924458722,-0.5499164036123716,-252.01085877186625
CYEG,20,7,4726.594082977713,252.22962533944371,-0.5499374415555012,-226.65809690485517,1.0,-20.0,0.45006255844453846,-246.65809690485517,1.0000000000000395,-20.0,1.0000011653366414,62.4496749191122,1.0000011653366414,-20.053427851896984,0.5499134943267734,272.0108924458722,0.450087671009868,-209.56121752675998
CYEG,20,7,4726.594082977713,252.22962533944371,-0.5499374415555012,-226.65809690485517,1.0,-10.0,0.45006255844453846,-236.65809690485517,1.0000000000000395,-10.0,0.9999766341449288,72.44925699779401,0.9999766341449288,-10.051821465088949,0.5499134943267734,272.0108924458722,0.4500631398181554,-199.56163544807816
CYEG,20,7,4726.594082977713,252.22962533944371,-0.5499374415555012,-226.65809690485517,1.0,0.0,0.45006255844453846,-226.65809690485517,1.0000000000000395,0.0,0.9999780416314366,82.44915457749255,0.9999780416314366,-0.05204003084261899,0.5499134943267734,272.0108924458722,0.45006454730466317,-189.56173786837962
CYEG,20,7,4726.594082977713,252.22962533944371,-0.5499374415555012,-226.65809690485517,1.0,10.0,0.45006255844453846,-216.65809690485517,1.0000000000000395,10.0,1.0000107378049279,92.44965628680407,1.0000107378049279,9.945763597972345,0.5499134943267734,272.0108924458722,0.4500972434781545,-179.5612361590681
CYEG,20,7,4726.594082977713,252.22962533944371,-0.5499374415555012,-226.65809690485517,1.0,20.0,0.45006255844453846,-206.65809690485517,1.0000000000000395,20.0,0.9999892042263525,102.44986050773363,0.9999892042263525,19.947744764714486,0.5499134943267734,272.0108924458722,0.4500757098995791,-169.56103193813854
CYEG,20,7,4726.594082977713,252.22962533944371,-0.5499374415555012,-226.65809690485517,2.0,-20.0,1.450062558444527,-246.65809690485517,2.0000000000000284,-20.0,1.9999726361858166,144.79879306136124,1.9999726361858166,-20.255249270926697,0.5499134943267734,272.0108924458722,1.4500591418590432,-127.21209938451094
CYEG,20,7,4726.594082977713,252.22962533944371,-0.5499374415555012,-226.65809690485517,2.0,-10.0,1.450062558444527,-236.65809690485517,2.0000000000000284,-10.0,1.999952443010244,154.79854447615608,1.999952443010244,-10.253829996266205,0.5499134943267734,272.0108924458722,1.4500389486834706,-117.21234796971609
CYEG,20,7,4726.594082977713,252.22962533944371,-0.5499374415555012,-226.65809690485517,2.0,0.0,1.450062558444527,-226.65809690485517,2.0000000000000284,0.0,1.9999342879264077,164.79800891208333,1.9999342879264077,-0.25286603715250067,0.5499134943267734,272.0108924458722,1.4500207935996343,-107.21288353378884
CYEG,20,7,4726.594082977713,252.22962533944371,-0.5499374415555012,-226.65809690485517,2.0,10.0,1.450062558444527,-216.65809690485517,2.0000000000000284,10.0,1.999969936933752,174.79852496699314,1.999969936933752,9.744705580037277,0.5499134943267734,272.0108924458722,1.4500564426069786,-97.21236747887903
CYEG,20,7,4726.594082977713,252.22962533944371,-0.5499374415555012,-226.65809690485517,2.0,20.0,1.450062558444527,-206.65809690485517,2.0000000000000284,20.0,1.9999575149319355,184.7989013404848,1.9999575149319355,19.746107951556667,0.5499134943267734,272.0108924458722,1.4500440206051621,-87.21199110538737
CYEG,20,8,4640.027023735848,221.8944813394437,0.12433555844448305,65.22249531509195,-2.0,-20.0,-1.8756644415554942,45.22249531509195,-1.9999999999999771,-20.0,-1.9999446448198057,-181.88717090879774,-1.9999446448198057,-19.858345113983518,-0.12433684269637979,-75.29118620091143,-1.875607802123426,-106.59598470788632
CYEG,20,8,4640.027023735848,221.8944813394437,0.12433555844448305,65.22249531509195,-2.0,-10.0,-1.8756644415554942,55.22249531509195,-1.9999999999999771,-10.0,-1.9999935922165832,-171.88981281618095,-1.9999935922165832,-9.85701824395258,-0.12433684269637979,-75.29118620091143,-1.8756567495202034,-96.59862661526952
CYEG,20,8,4640.027023735848,221.8944813394437,0.12433555844448305,65.22249531509195,-2.0,0.0,-1.8756644415554942,65.22249531509195,-1.9999999999999771,0.0,-1.9999620262761368,-161.88640309873483,-1.9999620262761368,0.14383202802608253,-0.12433684269637979,-75.29118620091143,-1.875625183579757,-86.5952168978234
CYEG,20,8,4640.027023735848,221.8944813394437,0.12433555844448305,65.22249531509195,-2.0,10.0,-1.8756644415554942,75.22249531509195,-1.9999999999999771,10.0,-1.9999972455672719,-151.88870230313714,-1.9999972455672719,10.144388491916516,-0.12433684269637979,-75.29118620091143,-1.875660402870892,-76.59751610222571
CYEG,20,8,4640.027023735848,221.8944813394437,0.12433555844448305,65.22249531509195,-2.0,20.0,-1.8756644415554942,85.22249531509195,-1.9999999999999771,20.0,-1.9999627162987395,-141.88670516093654,-1.9999627162987395,20.143585914583184,-0.12433684269637979,-75.29118620091143,-1.8756258736023597,-66.59551896002512
CYEG,20,8,4640.027023735848,221.8944813394437,0.12433555844448305,65.22249531509195,-1.0,-20.0,-0.8756644415555059,45.22249531509195,-0.999999999999989,-20.0,-1.0000142247549206,-100.9678916812024,-1.0000142247549206,-19.974766388240056,-0.12433684269637979,-75.29118620091143,-0.8756773820585408,-25.676705480290977
CYEG,20,8,4640.027023735848,221.8944813394437,0.12433555844448305,65.22249531509195,-1.0,-10.0,-0.8756644415555059,55.22249531509195,-0.999999999999989,-10.0,-0.9999965786707605,-90.96735330594467,-0.9999965786707605,-9.975657494437257,-0.12433684269637979,-75.29118620091143,-0.8756597359743807,-15.676167105033244
CYEG,20,8,4640.027023735848,221.8944813394437,0.12433555844448305,65.22249531509195,-1.0,0.0,-0.8756644415555059,65.22249531509195,-0.999999999999989,0.0,-1.0000030608732686,-80.96814599669452,-1.0000030608732686,0.02407492781568976,-0.12433684269637979,-75.29118620091143,-0.8756662181768888,-5.676959795783091
CYEG,20,8,4640.027023735848,221.8944813394437,0.12433555844448305,65.22249531509195,-1.0,10.0,-0.8756644415555059,75.22249531509195,-0.999999999999989,10.0,-0.9999911158084558,-70.96789858529516,-0.9999911158084558,10.02335468835345,-0.12433684269637979,-75.29118620091143,-0.875654273112076,4.323287615616266
CYEG,20,8,4640.027023735848,221.8944813394437,0.12433555844448305,65.22249531509195,-1.0,20.0,-0.8756644415555059,85.22249531509195,-0.999999999999989,20.0,-0.9999976131146866,-60.967996334746424,-0.9999976131146866,20.023783275431974,-0.12433684269637979,-75.29118620091143,-0.8756607704183068,14.323189866165002
CYEG,20,8,4640.027023735848,221.8944813394437,0.12433555844448305,65.22249531509195,0.0,-20.0,0.12433555844448305,45.22249531509195,0.0,-20.0,5.545059394762575e-06,-19.999832466716956,5.545059394762575e-06,-20.00028152641487,-0.12433684269637979,-75.29118620091143,0.12434238775577455,55.29135373419447
CYEG,20,8,4640.027023735848,221.8944813394437,0.12433555844448305,65.22249531509195,0.0,-10.0,0.12433555844448305,55.22249531509195,0.0,-10.0,-1.0148025069156574e-06,-9.999985286135537,-1.0148025069156574e-06,-9.999903103624087,-0.12433684269637979,-75.29118620091143,0.12433582789387287,65.29120091477589
CYEG,20,8,4640.027023735848,221.8944813394437,0.12433555844448305,65.22249531509195,0.0,0.0,0.12433555844448305,65.22249531509195,0.0,0.0,-2.7416319312578707e-06,-0.00013994321078669714,-2.7416319312578707e-06,8.208442123581501e-05,-0.12433684269637979,-75.29118620091143,0.12433410106444853,75.29104625770064
CYEG,20,8,4640.027023735848,221.8944813394437,0.12433555844448305,65.22249531509195,0.0,10.0,0.12433555844448305,75.22249531509195,0.0,10.0,-6.803472274441447e-07,9.999997468494913,-6.803472274441447e-07,10.000052565563976,-0.12433684269637979,-75.29118620091143,0.12433616234915235,85.29118366940634
CYEG,20,8,4640.027023735848,221.8944813394437,0.12433555844448305,65.22249531509195,0.0,20.0,0.12433555844448305,85.22249531509195,0.0,20.0,9.658648423283012e-07,20.00001269473415,9.658648423283012e-07,19.999934475378243,-0.12433684269637979,-75.29118620091143,0.12433780856122212,95.29119889564558
CYEG,20,8,4640.027023735848,221.8944813394437,0.12433555844448305,65.22249531509195,1.0,-20.0,1.1243355584444716,45.22249531509195,0.9999999999999886,-20.0,1.000005165511567,60.989677328195945,1.000005165511567,-20.00271408974428,-0.12433684269637979,-75.29118620091143,1.1243420082079467,136.28086352910736
CYEG,20,8,4640.027023735848,221.8944813394437,0.12433555844448305,65.22249531509195,1.0,-10.0,1.1243355584444716,55.22249531509195,0.9999999999999886,-10.0,0.9999968659366516,70.98948809272777,0.9999968659366516,-10.002230989736418,-0.12433684269637979,-75.29118620091143,1.1243337086330314,146.2806742936392
CYEG,20,8,4640.027023735848,221.8944813394437,0.12433555844448305,65.22249531509195,1.0,0.0,1.1243355584444716,65.22249531509195,0.9999999999999886,0.0,1.0000021323355384,80.98944770323924,1.0000021323355384,-0.0026980018936200167,-0.12433684269637979,-75.29118620091143,1.1243389750319182,156.28063390415065
CYEG,20,8,4640.027023735848,221.8944813394437,0.12433555844448305,65.22249531509195,1.0,10.0,1.1243355584444716,75.22249531509195,0.9999999999999886,10.0,1.0000161989624985,90.98983897739495,1.0000161989624985,9.996553756988533,-0.12433684269637979,-75.29118620091143,1.1243530416588783,166.28102517830638
CYEG,20,8,4640.027023735848,221.8944813394437,0.12433555844448305,65.22249531509195,1.0,20.0,1.1243355584444716,85.22249531509195,0.9999999999999886,20.0,1.000001049912271,100.98983702532881,1.000001049912271,19.99777900559799,-0.12433684269637979,-75.29118620091143,1.1243378926086507,176.28102322624022
CYEG,20,8,4640.027023735848,221.8944813394437,0.12433555844448305,65.22249531509195,2.0,-20.0,2.1243355584445114,45.22249531509195,2.0000000000000284,-20.0,2.000033977825268,141.97500355738674,2.000033977825268,-20.061065581230906,-0.12433684269637979,-75.29118620091143,2.124370820521648,217.26618975829817
CYEG,20,8,4640.027023735848,221.8944813394437,0.12433555844448305,65.22249531509195,2.0,-10.0,2.1243355584445114,55.22249531509195,2.0000000000000284,-10.0,2.000005085259545,151.97478612513342,2.000005085259545,-10.058940331812181,-0.12433684269637979,-75.29118620091143,2.124341927955925,227.26597232604485
CYEG,20,8,4640.027023735848,221.8944813394437,0.12433555844448305,65.22249531509195,2.0,0.0,2.1243355584445114,65.22249531509195,2.0000000000000284,0.0,1.9999994767558178,161.9746213553143,1.9999994767558178,-0.058650350096286274,-0.12433684269637979,-75.29118620091143,2.1243363194521976,237.26580755622572
CYEG,20,8,4640.027023735848,221.8944813394437,0.12433555844448305,65.22249531509195,2.0,10.0,2.1243355584445114,75.22249531509195,2.0000000000000284,10.0,2.0000026166711677,171.97440060167125,2.0000026166711677,9.94087430405699,-0.12433684269637979,-75.29118620091143,2.1243394593675475,247.26558680258267
CYEG,20,8,4640.027023735848,221.8944813394437,0.12433555844448305,65.22249531509195,2.0,20.0,2.1243355584445114,85.22249531509195,2.0000000000000284,20.0,2.000003534871837,181.97387505800833,2.000003534871837,19.940274310383046,-0.12433684269637979,-75.29118620091143,2.124340377568217,257.2650612589198
CYEG,20,9,4597.05709802662,266.4579363394437,1.2825045584445243,-147.97894153327664,-2.0,-20.0,-0.7174954415554525,-167.97894153327664,-1.999999999999977,-20.0,-2.0000457323088767,-180.52423364398308,-2.0000457323088767,-19.987788632641582,-1.282511868115506,45.050792578015226,-0.7175338641933706,-225.57502622199831
CYEG,20,9,4597.05709802662,266.4579363394437,1.2825045584445243,-147.97894153327664,-2.0,-10.0,-0.7174954415554525,-157.97894153327664,-1.999999999999977,-10.0,-2.0000278560110587,-170.52588306145645,-2.0000278560110587,-9.99087408221709,-1.282511868115506,45.050792578015226,-0.7175159878955526,-215.5766756394717
CYEG,20,9,4597.05709802662,266.4579363394437,1.2825045584445243,-147.97894153327664,-2.0,0.0,-0.7174954415554525,-147.97894153327664,-1.999999999999977,0.0,-2.000034252587511,-160.524979664169,-2.000034252587511,0.010543162465296518,-1.282511868115506,45.050792578015226,-0.7175223844720051,-205.57577224218423
CYEG,20,9,4597.05709802662,266.4579363394437,1.2825045584445243,-147.97894153327664,-2.0,10.0,-0.7174954415554525,-137.97894153327664,-1.999999999999977,10.0,-2.0000272235304237,-150.5262892479592,-2.0000272235304237,10.008668923081785,-1.282511868115506,45.050792578015226,-0.7175153554149176,-195.57708182597443
CYEG,20,9,4597.05709802662,266.4579363394437,1.2825045584445243,-147.97894153327664,-2.0,20.0,-0.7174954415554525,-127.97894153327664,-1.999999999999977,20.0,-2.0000145724976335,-140.5252087673057,-2.0000145724976335,20.008733125698058,-1.282511868115506,45.050792578015226,-0.7175027043821274,-185.57600134532095
CYEG,20,9,4597.05709802662,266.4579363394437,1.2825045584445243,-147.97894153327664,-1.0,-20.0,0.28250455844453604,-167.97894153327664,-0.9999999999999882,-20.0,-1.0000088988596758,-100.25176800685057,-1.0000088988596758,-20.009123675363114,-1.282511868115506,45.050792578015226,0.2825029692558303,-145.3025605848658
CYEG,20,9,4597.05709802662,266.4579363394437,1.2825045584445243,-147.97894153327664,-1.0,-10.0,0.28250455844453604,-157.97894153327664,-0.9999999999999882,-10.0,-1.00000332152365,-90.25201829750648,-1.00000332152365,-10.009821593126176,-1.282511868115506,45.050792578015226,0.2825085465918562,-135.30281087552171
CYEG,20,9,4597.05709802662,266.4579363394437,1.2825045584445243,-147.97894153327664,-1.0,0.0,0.28250455844453604,-147.97894153327664,-0.9999999999999882,0.0,-1.000013494756388,-80.25165663139651,-1.000013494756388,-0.008643441381138928,-1.282511868115506,45.050792578015226,0.2824983733591182,-125.30244920941175
CYEG,20,9,4597.05709802662,266.4579363394437,1.2825045584445243,-147.97894153327664,-1.0,10.0,0.28250455844453604,-137.97894153327664,-0.9999999999999882,10.0,-0.9999971455037269,-70.25184210969418,-0.9999971455037269,9.989858918271935,-1.282511868115506,45.050792578015226,0.28251472261177923,-115.3026346877094
CYEG,20,9,4597.05709802662,266.4579363394437,1.2825045584445243,-147.97894153327664,-1.0,20.0,0.28250455844453604,-127.97894153327664,-0.9999999999999882,20.0,-0.999999732516045,-60.25153915905966,-0.999999732516045,19.990369497930317,-1.282511868115506,45.050792578015226,0.2825121355994611,-105.3023317370749
CYEG,20,9,4597.05709802662,266.4579363394437,1.2825045584445243,-147.97894153327664,0.0,-20.0,1.2825045584445243,-167.97894153327664,0.0,-20.0,-4.891984531241178e-06,-20.00022185305014,-4.891984531241178e-06,-19.999829350628428,-1.282511868115506,45.050792578015226,1.2825069761309749,-65.05101443106537
CYEG,20,9,4597.05709802662,266.4579363394437,1.2825045584445243,-147.97894153327664,0.0,-10.0,1.2825045584445243,-157.97894153327664,0.0,-10.0,4.22180420400764e-07,-9.999773071669045,4.22180420400764e-07,-9.999806944800971,-1.282511868115506,45.050792578015226,1.2825122902959265,-55.05056564968427
CYEG,20,9,4597.05709802662,266.4579363394437,1.2825045584445243,-147.97894153327664,0.0,0.0,1.2825045584445243,-147.97894153327664,0.0,0.0,-4.418549480078582e-06,-0.00023792950464418539,-4.418549480078582e-06,0.00011658743225758435,-1.282511868115506,45.050792578015226,1.282507449566026,-45.05103050751987
CYEG,20,9,4597.05709802662,266.4579363394437,1.2825045584445243,-147.97894153327664,0.0,10.0,1.2825045584445243,-137.97894153327664,0.0,10.0,1.7206514257850358e-07,10.000208811026264,1.7206514257850358e-07,10.00019500558908,-1.282511868115506,45.050792578015226,1.2825120401806487,-35.050583766988964
CYEG,20,9,4597.05709802662,266.4579363394437,1.2825045584445243,-147.97894153327664,0.0,20.0,1.2825045584445243,-127.97894153327664,0.0,20.0,-2.4529549591534305e-06,20.00007686545285,-2.4529549591534305e-06,20.000273675306943,-1.282511868115506,45.050792578015226,1.282509415160547,-25.050715712562376
CYEG,20,9,4597.05709802662,266.4579363394437,1.2825045584445243,-147.97894153327664,1.0,-20.0,2.282504558444513,-167.97894153327664,0.9999999999999889,-20.0,1.000001018498125,60.2039427654423,1.000001018498125,-20.03806910219047,-1.282511868115506,45.050792578015226,2.282512886613631,15.153150187427073
CYEG,20,9,4597.05709802662,266.4579363394437,1.2825045584445243,-147.97894153327664,1.0,-10.0,2.282504558444513,-157.97894153327664,0.9999999999999889,-10.0,0.999998971612996,70.20377130630439,0.999998971612996,-10.038076281955341,-1.282511868115506,45.050792578015226,2.282510839728502,25.152978728289163
CYEG,20,9,4597.05709802662,266.4579363394437,1.2825045584445243,-147.97894153327664,1.0,0.0,2.282504558444513,-147.97894153327664,0.9999999999999889,0.0,1.0000223875527467,80.20389195788749,1.0000223875527467,-0.03983495221193323,-1.282511868115506,45.050792578015226,2.282534255668253,35.153099379872266
CYEG,20,9,4597.05709802662,266.4579363394437,1.2825045584445243,-147.97894153327664,1.0,10.0,2.282504558444513,-137.97894153327664,0.9999999999999889,10.0,0.9999869257261764,90.20422295428497,0.9999869257261764,9.963342147549923,-1.282511868115506,45.050792578015226,2.2824987938416825,45.153430376269746
CYEG,20,9,4597.05709802662,266.4579363394437,1.2825045584445243,-147.97894153327664,1.0,20.0,2.282504558444513,-127.97894153327664,0.9999999999999889,20.0,1.0000015479706406,100.20417543582224,1.0000015479706406,19.962121073663653,-1.282511868115506,45.050792578015226,2.2825134160861467,55.15338285780701
CYEG,20,9,4597.05709802662,266.4579363394437,1.2825045584445243,-147.97894153327664,2.0,-20.0,3.2825045584445527,-167.97894153327664,2.0000000000000284,-20.0,2.0000002611335788,140.33471688806713,2.0000002611335788,-20.19807534980771,-1.282511868115506,45.050792578015226,3.282512129249085,95.2839243100519
CYEG,20,9,4597.05709802662,266.4579363394437,1.2825045584445243,-147.97894153327664,2.0,-10.0,3.2825045584445527,-157.97894153327664,2.0000000000000284,-10.0,1.9999541933584055,150.33447801868698,1.9999541933584055,-10.194613520089348,-1.282511868115506,45.050792578015226,3.2824660614739116,105.28368544067175
CYEG,20,9,4597.05709802662,266.4579363394437,1.2825045584445243,-147.97894153327664,2.0,0.0,3.2825045584445527,-147.97894153327664,2.0000000000000284,0.0,2.0000144929808528,160.33461577206495,2.0000144929808528,-0.19931973322650265,-1.282511868115506,45.050792578015226,3.282526361096359,115.28382319404972
CYEG,20,9,4597.05709802662,266.4579363394437,1.2825045584445243,-147.97894153327664,2.0,10.0,3.2825045584445527,-137.97894153327664,2.0000000000000284,10.0,2.000003102070764,170.33362789887605,2.000003102070764,9.800607443902464,-1.282511868115506,45.050792578015226,3.28251497018627,125.28283532086081
CYEG,20,9,4597.05709802662,266.4579363394437,1.2825045584445243,-147.97894153327664,2.0,20.0,3.2825045584445527,-127.97894153327664,2.0000000000000284,20.0,2.000004565494919,180.33382199618032,2.000004565494919,19.800683981967012,-1.282511868115506,45.050792578015226,3.282516433610425,135.28302941816509
CYEG,20,10,4435.6800882995285,238.6237283394437,3.256933558444535,-24.712904050474954,-2.0,-20.0,1.2569335584445072,-44.712904050474954,-2.000000000000028,-20.0,-1.9999955973813144,-174.81605661476166,-1.9999955973813144,-19.919035966265284,-3.256942370655338,-227.32629803499478,1.2569467732740236,52.510241420233115
CYEG,20,10,4435.6800882995285,238.6237283394437,3.256933558444535,-24.712904050474954,-2.0,-10.0,1.2569335584445072,-34.712904050474954,-2.000000000000028,-10.0,-2.0000371072937924,-164.81664449146155,-2.0000371072937924,-9.916406341951841,-3.256942370655338,-227.32629803499478,1.2569052633615456,62.50965354353323
CYEG,20,10,4435.6800882995285,238.6237283394437,3.256933558444535,-24.712904050474954,-2.0,0.0,1.2569335584445072,-24.712904050474954,-2.000000000000028,0.0,-1.9999836524043246,-154.81635479782827,-1.9999836524043246,0.07973997605111549,-3.256942370655338,-227.32629803499478,1.2569587182510134,72.50994323716651
CYEG,20,10,4435.6800882995285,238.6237283394437,3.256933558444535,-24.712904050474954,-2.0,10.0,1.2569335584445072,-14.712904050474954,-2.000000000000028,10.0,-1.9999995787414377,-144.81696163904334,-1.9999995787414377,10.080367611162217,-3.256942370655338,-227.32629803499478,1.2569427919139002,82.50933639595144
CYEG,20,10,4435.6800882995285,238.6237283394437,3.256933558444535,-24.712904050474954,-2.0,20.0,1.2569335584445072,-4.712904050474954,-2.000000000000028,20.0,-2.0000205365387274,-134.81651760184786,-2.0000205365387274,20.082436121392533,-3.256942370655338,-227.32629803499478,1.2569218341166106,92.50978043314691
CYEG,20,10,4435.6800882995285,238.6237283394437,3.256933558444535,-24.712904050474954,-1.0,-20.0,2.256933558444547,-44.712904050474954,-0.999999999999988,-20.0,-0.999989898041747,-97.41717263746638,-0.999989898041747,-19.992870999218738,-3.256942370655338,-227.32629803499478,2.256952472613591,129.90912539752838
CYEG,20,10,4435.6800882995285,238.6237283394437,3.256933558444535,-24.712904050474954,-1.0,-10.0,2.256933558444547,-34.712904050474954,-0.999999999999988,-10.0,-1.0000144359990202,-87.41684378775206,-1.0000144359990202,-9.990641910226458,-3.256942370655338,-227.32629803499478,2.256927934656318,139.9094542472427
CYEG,20,10,4435.6800882995285,238.6237283394437,3.256933558444535,-24.712904050474954,-1.0,0.0,2.256933558444547,-24.712904050474954,-0.999999999999988,0.0,-1.0000124892458473,-77.41676653998138,-1.0000124892458473,0.009284579401310111,-3.256942370655338,-227.32629803499478,2.2569298814094907,149.9095314950134
CYEG,20,10,4435.6800882995285,238.6237283394437,3.256933558444535,-24.712904050474954,-1.0,10.0,2.256933558444547,-14.712904050474954,-0.999999999999988,10.0,-0.9999980983857313,-67.4169088924877,-0.9999980983857313,10.008027787034166,-3.256942370655338,-227.32629803499478,2.2569442722696067,159.90938914250708
CYEG,20,10,4435.6800882995285,238.6237283394437,3.256933558444535,-24.712904050474954,-1.0,20.0,2.256933558444547,-4.712904050474954,-0.999999999999988,20.0,-0.9999906643808743,-57.41661111663992,-0.9999906643808743,20.007749867529732,-3.256942370655338,-227.32629803499478,2.2569517062744637,169.90968691835485
CYEG,20,10,4435.6800882995285,238.6237283394437,3.256933558444535,-24.712904050474954,0.0,-20.0,3.256933558444535,-44.712904050474954,0.0,-20.0,1.961479540568689e-06,-20.000009340348072,1.961479540568689e-06,-20.00016119264532,-3.256942370655338,-227.32629803499478,3.2569443321348786,207.3262886946467
CYEG,20,10,4435.6800882995285,238.6237283394437,3.256933558444535,-24.712904050474954,0.0,-10.0,3.256933558444535,-34.712904050474954,0.0,-10.0,4.366712261116845e-06,-9.999798047857801,4.366712261116845e-06,-10.000136106590793,-3.256942370655338,-227.32629803499478,3.256946737367599,217.32649998713697
CYEG,20,10,4435.6800882995285,238.6237283394437,3.256933558444535,-24.712904050474954,0.0,0.0,3.256933558444535,-24.712904050474954,0.0,0.0,5.771850339897355e-07,-2.0742548237251413e-05,5.771850339897355e-07,-6.542661020988213e-05,-3.256942370655338,-227.32629803499478,3.256942947840372,227.32627729244655
CYEG,20,10,4435.6800882995285,238.6237283394437,3.256933558444535,-24.712904050474954,0.0,10.0,3.256933558444535,-14.712904050474954,0.0,10.0,2.367058698382607e-06,9.999996835471135,2.367058698382607e-06,9.999813584362144,-3.256942370655338,-227.32629803499478,3.2569447377140364,237.32629487046592
CYEG,20,10,4435.6800882995285,238.6237283394437,3.256933558444535,-24.712904050474954,0.0,20.0,3.256933558444535,-4.712904050474954,0.0,20.0,-5.161655792562669e-06,20.00019048231322,-5.161655792562669e-06,20.000590083366145,-3.256942370655338,-227.32629803499478,3.2569372089995454,247.326488517308
CYEG,20,10,4435.6800882995285,238.6237283394437,3.256933558444535,-24.712904050474954,1.0,-20.0,4.256933558444525,-44.712904050474954,0.9999999999999902,-20.0,1.0000091680084608,57.40863945708345,1.0000091680084608,-20.0171544629857,-3.256942370655338,-227.32629803499478,4.256951538663799,284.73493749207825
CYEG,20,10,4435.6800882995285,238.6237283394437,3.256933558444535,-24.712904050474954,1.0,-10.0,4.256933558444525,-34.712904050474954,0.9999999999999902,-10.0,1.0000008488655965,67.4091286002458,1.0000008488655965,-10.016021078663385,-3.256942370655338,-227.32629803499478,4.2569432195209345,294.7354266352406
CYEG,20,10,4435.6800882995285,238.6237283394437,3.256933558444535,-24.712904050474954,1.0,0.0,4.256933558444525,-24.712904050474954,0.9999999999999902,0.0,1.00001099576113,77.40915249035758,1.00001099576113,-0.01678297235876869,-3.256942370655338,-227.32629803499478,4.256953366416468,304.73545052535235
CYEG,20,10,4435.6800882995285,238.6237283394437,3.256933558444535,-24.712904050474954,1.0,10.0,4.256933558444525,-14.712904050474954,0.9999999999999902,10.0,1.000013118015886,87.40950022314183,1.000013118015886,9.98340041129795,-3.256942370655338,-227.32629803499478,4.256955488671224,314.7357982581366
CYEG,20,10,4435.6800882995285,238.6237283394437,3.256933558444535,-24.712904050474954,1.0,20.0,4.256933558444525,-4.712904050474954,0.9999999999999902,20.0,1.0000110896800152,97.40869139862158,1.0000110896800152,19.98274866275068,-3.256942370655338,-227.32629803499478,4.256953460335353,324.73498943361636
CYEG,20,10,4435.6800882995285,238.6237283394437,3.256933558444535,-24.712904050474954,2.0,-20.0,5.256933558444514,-44.712904050474954,1.9999999999999787,-20.0,2.000012289069616,134.7855415357853,2.000012289069616,-20.112772912673677,-3.256942370655338,-227.32629803499478,5.256954659724954,362.1118395707801
CYEG,20,10,4435.6800882995285,238.6237283394437,3.256933558444535,-24.712904050474954,2.0,-10.0,5.256933558444514,-34.712904050474954,1.9999999999999787,-10.0,1.999979476086935,144.7842978807101,1.999979476086935,-10.111473180011075,-3.256942370655338,-227.32629803499478,5.256921846742273,372.1105959157049
CYEG,20,10,4435.6800882995285,238.6237283394437,3.256933558444535,-24.712904050474954,2.0,0.0,5.256933558444514,-24.712904050474954,1.9999999999999787,0.0,2.0000009968831876,154.78647596747388,2.0000009968831876,-0.11096320520934455,-3.256942370655338,-227.32629803499478,5.2569433675385255,382.11277400246865
CYEG,20,10,4435.6800882995285,238.6237283394437,3.256933558444535,-24.712904050474954,2.0,10.0,5.256933558444514,-14.712904050474954,1.9999999999999787,10.0,2.000003264197744,164.7847500715359,2.000003264197744,9.887135155606785,-3.256942370655338,-227.32629803499478,5.256945634853082,392.1110481065307
CYEG,20,10,4435.6800882995285,238.6237283394437,3.256933558444535,-24.712904050474954,2.0,20.0,5.256933558444514,-4.712904050474954,1.9999999999999787,20.0,1.999979697004477,174.78495995831202,1.999979697004477,19.889171773912608,-3.256942370655338,-227.32629803499478,5.256922067659815,402.1112579933068
CYEG,20,11,4299.910242047209,270.04277533944366,-6.071705441555532,274.285852068143,-2.0,-20.0,-8.071705441555562,254.28585206814302,-2.0000000000000293,-20.0,-1.9999126586871228,-169.8736705783978,-1.9999126586871228,-19.724058928724588,6.072018899074521,182.06990729902003,-8.071931557761644,-351.94357787741785
CYEG,20,11,4299.910242047209,270.04277533944366,-6.071705441555532,274.285852068143,-2.0,-10.0,-8.071705441555562,264.285852068143,-2.0000000000000293,-10.0,-1.9999443489540738,-159.87494139109901,-1.9999443489540738,-9.722948563216676,6.072018899074521,182.06990729902003,-8.071963248028595,-341.94484869011904
CYEG,20,11,4299.910242047209,270.04277533944366,-6.071705441555532,274.285852068143,-2.0,0.0,-8.071705441555562,274.285852068143,-2.0000000000000293,0.0,-1.9999492517649742,-149.87520901034927,-1.9999492517649742,0.27715221035089144,6.072018899074521,182.06990729902003,-8.071968150839496,-331.94511630936927
CYEG,20,11,4299.910242047209,270.04277533944366,-6.071705441555532,274.285852068143,-2.0,10.0,-8.071705441555562,284.285852068143,-2.0000000000000293,10.0,-1.9999600913923246,-139.87487581079202,-1.9999600913923246,10.2782998898021,6.072018899074521,182.06990729902003,-8.071978990466846,-321.9447831098121
CYEG,20,11,4299.910242047209,270.04277533944366,-6.071705441555532,274.285852068143,-2.0,20.0,-8.071705441555562,294.285852068143,-2.0000000000000293,20.0,-1.9999698399221586,-129.87486045190084,-1.9999698399221586,20.27904774450596,6.072018899074521,182.06990729902003,-8.07198873899668,-311.94476775092085
CYEG,20,11,4299.910242047209,270.04277533944366,-6.071705441555532,274.285852068143,-1.0,-20.0,-7.071705441555519,254.28585206814302,-0.9999999999999867,-20.0,-1.0000057853260103,-94.99361874890266,-1.0000057853260103,-19.93797198139427,6.072018899074521,182.06990729902003,-7.072024684400532,-277.06352604792266
CYEG,20,11,4299.910242047209,270.04277533944366,-6.071705441555532,274.285852068143,-1.0,-10.0,-7.071705441555519,264.285852068143,-0.9999999999999867,-10.0,-0.9999753906251669,-84.9934231777945,-0.9999753906251669,-9.940058154346914,6.072018899074521,182.06990729902003,-7.071994289699688,-267.06333047681454
CYEG,20,11,4299.910242047209,270.04277533944366,-6.071705441555532,274.285852068143,-1.0,0.0,-7.071705441555519,274.285852068143,-0.9999999999999867,0.0,-1.0000056958171228,-74.99379711742162,-1.0000056958171228,0.06184293061370738,6.072018899074521,182.06990729902003,-7.072024594891644,-257.0637044164416
CYEG,20,11,4299.910242047209,270.04277533944366,-6.071705441555532,274.285852068143,-1.0,10.0,-7.071705441555519,284.285852068143,-0.9999999999999867,10.0,-0.9999873827032957,-64.99368708167097,-0.9999873827032957,10.060578192548434,6.072018899074521,182.06990729902003,-7.072006281777817,-247.063594380691
CYEG,20,11,4299.910242047209,270.04277533944366,-6.071705441555532,274.285852068143,-1.0,20.0,-7.071705441555519,294.285852068143,-0.9999999999999867,20.0,-0.9999964785484394,-54.99368261432327,-0.9999964785484394,20.061265489141924,6.072018899074521,182.06990729902003,-7.072015377622961,-237.0635899133433
CYEG,20,11,4299.910242047209,270.04277533944366,-6.071705441555532,274.285852068143,0.0,-20.0,-6.071705441555532,254.28585206814302,0.0,-20.0,-9.955921314031002e-07,-19.9997558435619,-9.955921314031002e-07,-19.999681126770557,6.072018899074521,182.06990729902003,-6.072019894666653,-202.06966314258193
CYEG,20,11,4299.910242047209,270.04277533944366,-6.071705441555532,274.285852068143,0.0,-10.0,-6.071705441555532,264.285852068143,0.0,-10.0,1.8151502843011258e-06,-9.999840775686984,1.8151502843011258e-06,-9.999976998343604,6.072018899074521,182.06990729902003,-6.072017083924237,-192.069748074707
CYEG,20,11,4299.910242047209,270.04277533944366,-6.071705441555532,274.285852068143,0.0,0.0,-6.071705441555532,274.285852068143,0.0,0.0,1.8336650384753739e-06,-5.6045229449352973e-05,1.8336650384753739e-06,-0.00019365737377184826,6.072018899074521,182.06990729902003,-6.072017065409483,-182.0699633442495
CYEG,20,11,4299.910242047209,270.04277533944366,-6.071705441555532,274.285852068143,0.0,10.0,-6.071705441555532,284.285852068143,0.0,10.0,1.6240292382008192e-06,9.999949382183589,1.6240292382008192e-06,9.99982750270112,6.072018899074521,182.06990729902003,-6.072017275045283,-172.06995791683644
CYEG,20,11,4299.910242047209,270.04277533944366,-6.071705441555532,274.285852068143,0.0,20.0,-6.071705441555532,294.285852068143,0.0,20.0,-1.0422818945698964e-06,19.99993468765053,-1.0422818945698964e-06,20.000012908396137,6.072018899074521,182.06990729902003,-6.072019941356416,-162.0699726113695
CYEG,20,11,4299.910242047209,270.04277533944366,-6.071705441555532,274.285852068143,1.0,-20.0,-5.071705441555546,254.28585206814302,0.9999999999999867,-20.0,1.0000107564386553,55.08168694624007,1.0000107564386553,-19.97433300496685,6.072018899074521,182.06990729902003,-5.072008142635866,-126.98822035277996
CYEG,20,11,4299.910242047209,270.04277533944366,-6.071705441555532,274.285852068143,1.0,-10.0,-5.071705441555546,264.285852068143,0.9999999999999867,-10.0,1.0000083278178522,65.08190692447843,1.0000083278178522,-9.973930709054557,6.072018899074521,182.06990729902003,-5.072010571256669,-116.9880003745416
CYEG,20,11,4299.910242047209,270.04277533944366,-6.071705441555532,274.285852068143,1.0,0.0,-5.071705441555546,274.285852068143,0.9999999999999867,0.0,0.9999998175713927,75.08212498218356,0.9999998175713927,0.02692621674060547,6.072018899074521,182.06990729902003,-5.072019081503129,-106.98778231683647
CYEG,20,11,4299.910242047209,270.04277533944366,-6.071705441555532,274.285852068143,1.0,10.0,-5.071705441555546,284.285852068143,0.9999999999999867,10.0,1.0000001373302894,85.08228130652402,1.0000001373302894,10.027058536634641,6.072018899074521,182.06990729902003,-5.072018761744232,-96.987625992496
CYEG,20,11,4299.910242047209,270.04277533944366,-6.071705441555532,274.285852068143,1.0,20.0,-5.071705441555546,294.285852068143,0.9999999999999867,20.0,1.0000210425006912,95.08129005685095,1.0000210425006912,20.024497926261773,6.072018899074521,182.06990729902003,-5.07199785657383,-86.98861724216908
CYEG,20,11,4299.910242047209,270.04277533944366,-6.071705441555532,274.285852068143,2.0,-20.0,-4.071705441555555,254.28585206814302,1.999999999999977,-20.0,2.000028425191914,130.22831731174307,2.000028425191914,-19.929992929617896,6.072018899074521,182.06990729902003,-4.071990473882607,-51.84158998727696
CYEG,20,11,4299.910242047209,270.04277533944366,-6.071705441555532,274.285852068143,2.0,-10.0,-4.071705441555555,264.285852068143,1.999999999999977,-10.0,2.0000242521910536,140.22930445282645,2.0000242521910536,-9.928692232958696,6.072018899074521,182.06990729902003,-4.071994646883468,-41.840602846193576
CYEG,20,11,4299.910242047209,270.04277533944366,-6.071705441555532,274.285852068143,2.0,0.0,-4.071705441555555,274.285852068143,1.999999999999977,0.0,2.000032882446561,150.22827317299001,2.000032882446561,0.06962801747462777,6.072018899074521,182.06990729902003,-4.07198601662796,-31.841634126030016
CYEG,20,11,4299.910242047209,270.04277533944366,-6.071705441555532,274.285852068143,2.0,10.0,-4.071705441555555,284.285852068143,1.999999999999977,10.0,2.0000354098806667,160.22733093103906,2.0000354098806667,10.06849586636946,6.072018899074521,182.06990729902003,-4.071983489193855,-21.842576367980968
CYEG,20,11,4299.910242047209,270.04277533944366,-6.071705441555532,274.285852068143,2.0,20.0,-4.071705441555555,294.285852068143,1.999999999999977,20.0,2.000049845392681,170.22917043618327,2.000049845392681,20.06925069994938,6.072018899074521,182.06990729902003,-4.0719690536818405,-11.840736862836764
CYEG,20,12,3955.005668294659,176.19870433944368,5.307468558444513,26.55495925155763,-2.0,-20.0,3.307468558444485,6.55495925155763,-2.000000000000028,-20.0,-1.999998678182493,-158.00724355301145,-1.999998678182493,-19.89549362545236,-5.307412582338827,-392.22594586371963,3.307413904156334,234.21870231070818
CYEG,20,12,3955.005668294659,176.19870433944368,5.307468558444513,26.55495925155763,-2.0,-10.0,3.307468558444485,16.55495925155763,-2.000000000000028,-10.0,-1.9999817538743798,-148.00687741444628,-1.9999817538743798,-9.896297160460875,-5.307412582338827,-392.22594586371963,3.3074308284644474,244.21906844927335
CYEG,20,12,3955.005668294659,176.19870433944368,5.307468558444513,26.55495925155763,-2.0,0.0,3.307468558444485,26.55495925155763,-2.000000000000028,0.0,-2.000006274662155,-138.00628625988756,-2.000006274662155,0.10598867593699879,-5.307412582338827,-392.22594586371963,3.307406307676672,254.21965960383207
CYEG,20,12,3955.005668294659,176.19870433944368,5.307468558444513,26.55495925155763,-2.0,10.0,3.307468558444485,36.554959251557634,-2.000000000000028,10.000000000000004,-2.000007040886203,-128.00678433251338,-2.000007040886203,10.105543558624476,-5.307412582338827,-392.22594586371963,3.307405541452624,264.2191615312063
CYEG,20,12,3955.005668294659,176.19870433944368,5.307468558444513,26.55495925155763,-2.0,20.0,3.307468558444485,46.554959251557634,-2.000000000000028,20.000000000000004,-1.9999883719796685,-118.00782693755113,-1.9999883719796685,20.103210707233586,-5.307412582338827,-392.22594586371963,3.3074242103591587,274.2181189261685
CYEG,20,12,3955.005668294659,176.19870433944368,5.307468558444513,26.55495925155763,-1.0,-20.0,4.307468558444476,6.55495925155763,-1.0000000000000373,-20.0,-1.0000017500693446,-89.01982727693738,-1.0000017500693446,-19.984825705018423,-5.307412582338827,-392.22594586371963,4.307410832269483,303.2061185867823
CYEG,20,12,3955.005668294659,176.19870433944368,5.307468558444513,26.55495925155763,-1.0,-10.0,4.307468558444476,16.55495925155763,-1.0000000000000373,-10.0,-1.0000080913947897,-79.01894283733381,-1.0000080913947897,-9.983503403853007,-5.307412582338827,-392.22594586371963,4.307404490944037,313.2070030263858
CYEG,20,12,3955.005668294659,176.19870433944368,5.307468558444513,26.55495925155763,-1.0,0.0,4.307468558444476,26.55495925155763,-1.0000000000000373,0.0,-1.0000140901249495,-69.0197033988569,-1.0000140901249495,0.016150240358882684,-5.307412582338827,-392.22594586371963,4.307398492213878,323.2062424648627
CYEG,20,12,3955.005668294659,176.19870433944368,5.307468558444513,26.55495925155763,-1.0,10.0,4.307468558444476,36.554959251557634,-1.0000000000000373,10.000000000000004,-0.9999947584985307,-59.01948052056676,-0.9999947584985307,10.015038291063277,-5.307412582338827,-392.22594586371963,4.3074178238402965,333.2064653431529
CYEG,20,12,3955.005668294659,176.19870433944368,5.307468558444513,26.55495925155763,-1.0,20.0,4.307468558444476,46.554959251557634,-1.0000000000000373,20.000000000000004,-1.0000006983923129,-49.019767612423465,-1.0000006983923129,20.015161342350922,-5.307412582338827,-392.22594586371963,4.307411883946514,343.20617825129614
CYEG,20,12,3955.005668294659,176.19870433944368,5.307468558444513,26.55495925155763,0.0,-20.0,5.307468558444513,6.55495925155763,0.0,-20.0,-6.98714720215321e-06,-19.999987856197833,-6.98714720215321e-06,-19.999505548303176,-5.307412582338827,-392.22594586371963,5.307405595191625,372.2259580075218
CYEG,20,12,3955.005668294659,176.19870433944368,5.307468558444513,26.55495925155763,0.0,-10.0,5.307468558444513,16.55495925155763,0.0,-10.0,-5.980747914691165e-07,-10.000056996205041,-5.980747914691165e-07,-10.000015712375578,-5.307412582338827,-392.22594586371963,5.307411984264036,382.2258888675146
CYEG,20,12,3955.005668294659,176.19870433944368,5.307468558444513,26.55495925155763,0.0,0.0,5.307468558444513,26.55495925155763,0.0,0.0,-2.6178246912422765e-06,-5.90297902096637e-05,-2.6178246912422765e-06,0.00012167307447692133,-5.307412582338827,-392.22594586371963,5.307409964514136,392.2258868339294
CYEG,20,12,3955.005668294659,176.19870433944368,5.307468558444513,26.55495925155763,0.0,10.0,5.307468558444513,36.554959251557634,0.0,10.000000000000004,-2.829940569881728e-06,10.000027278432512,-2.829940569881728e-06,10.000222623204674,-5.307412582338827,-392.22594586371963,5.307409752398257,402.22597314215216
CYEG,20,12,3955.005668294659,176.19870433944368,5.307468558444513,26.55495925155763,0.0,20.0,5.307468558444513,46.554959251557634,0.0,20.000000000000004,-2.2484111639187176e-06,20.00001055772704,-2.2484111639187176e-06,20.000165760762474,-5.307412582338827,-392.22594586371963,5.307410333927663,412.22595642144665
CYEG,20,12,3955.005668294659,176.19870433944368,5.307468558444513,26.55495925155763,1.0,-20.0,6.307468558444502,6.55495925155763,0.9999999999999893,-20.0,1.0000085736584765,49.02820977905479,1.0000085736584765,-20.00726295420432,-5.307412582338827,-392.22594586371963,6.307421155997304,441.25415564277444
CYEG,20,12,3955.005668294659,176.19870433944368,5.307468558444513,26.55495925155763,1.0,-10.0,6.307468558444502,16.55495925155763,0.9999999999999893,-10.0,0.9999890644396316,59.0278621851991,0.9999890644396316,-10.006263457916802,-5.307412582338827,-392.22594586371963,6.307401646778459,451.2538080489187
CYEG,20,12,3955.005668294659,176.19870433944368,5.307468558444513,26.55495925155763,1.0,0.0,6.307468558444502,26.55495925155763,0.9999999999999893,0.0,0.9999883581975553,69.02846031971919,0.9999883581975553,-0.005616558156972928,-5.307412582338827,-392.22594586371963,6.3074009405363824,461.25440618343885
CYEG,20,12,3955.005668294659,176.19870433944368,5.307468558444513,26.55495925155763,1.0,10.0,6.307468558444502,36.554959251557634,0.9999999999999893,10.000000000000004,1.0000192323397528,79.028036879367,1.0000192323397528,9.991828175860505,-5.307412582338827,-392.22594586371963,6.30743181467858,471.2539827430866
CYEG,20,12,3955.005668294659,176.19870433944368,5.307468558444513,26.55495925155763,1.0,20.0,6.307468558444502,46.554959251557634,0.9999999999999893,20.000000000000004,0.9999986999020507,89.0285538867701,0.9999986999020507,19.99376292555438,-5.307412582338827,-392.22594586371963,6.307411282240878,481.25449975048974
CYEG,20,12,3955.005668294659,176.19870433944368,5.307468558444513,26.55495925155763,2.0,-20.0,7.307468558444491,6.55495925155763,1.9999999999999778,-20.0,1.999973258108838,118.0420454077256,1.999973258108838,-20.067947686523524,-5.307412582338827,-392.22594586371963,7.307385840447665,510.2679912714452
CYEG,20,12,3955.005668294659,176.19870433944368,5.307468558444513,26.55495925155763,2.0,-10.0,7.307468558444491,16.55495925155763,1.9999999999999778,-10.0,2.0000084389374706,128.04296605652138,2.0000084389374706,-10.069458456803147,-5.307412582338827,-392.22594586371963,7.307421021276298,520.268911920241
CYEG,20,12,3955.005668294659,176.19870433944368,5.307468558444513,26.55495925155763,2.0,0.0,7.307468558444491,26.55495925155763,1.9999999999999778,0.0,1.9999870079274729,138.04258869264947,1.9999870079274729,-0.06835467969639808,-5.307412582338827,-392.22594586371963,7.3073995902663,530.2685345563691
CYEG,20,12,3955.005668294659,176.19870433944368,5.307468558444513,26.55495925155763,2.0,10.0,7.307468558444491,36.554959251557634,1.9999999999999778,10.000000000000004,1.999997110576487,148.0424348535669,1.999997110576487,9.930793266468385,-5.307412582338827,-392.22594586371963,7.307409692915314,540.2683807172865
CYEG,20,12,3955.005668294659,176.19870433944368,5.307468558444513,26.55495925155763,2.0,20.0,7.307468558444491,46.554959251557634,1.9999999999999778,20.000000000000004,2.0000080888588627,158.044064445292,2.0000080888588627,19.931664126617164,-5.307412582338827,-392.22594586371963,7.30742067119769,550.2700103090117
CYEG,20,13,3917.910129833741,216.27774633944364,-7.820275441555519,-44.984518476238215,-2.0,-20.0,-9.8202754415555,-64.98451847623821,-1.9999999999999813,-19.999999999999993,-2.000001868411033,-156.75983916220366,-2.000001868411033,-19.943274710341655,7.820183443641952,577.5352793146495,-9.820185312052985,-734.2951184768532
CYEG,20,13,3917.910129833741,216.27774633944364,-7.820275441555519,-44.984518476238215,-2.0,-10.0,-9.8202754415555,-54.984518476238215,-1.9999999999999813,-10.0,-2.0000184626881605,-146.75980112557684,-2.0000184626881605,-9.942100566118853,7.820183443641952,577.5352793146495,-9.820201906330112,-724.2950804402263
CYEG,20,13,3917.910129833741,216.27774633944364,-7.820275441555519,-44.984518476238215,-2.0,0.0,-9.8202754415555,-44.984518476238215,-1.9999999999999813,0.0,-2.000004602965589,-136.75921585000637,-2.000004602965589,0.05753581990390444,7.820183443641952,577.5352793146495,-9.82018804660754,-714.2944951646559
CYEG,20,13,3917.910129833741,216.27774633944364,-7.820275441555519,-44.984518476238215,-2.0,10.0,-9.8202754415555,-34.984518476238215,-1.9999999999999813,10.0,-2.0000019832632177,-126.75964946102536,-2.0000019832632177,10.056922854055784,7.820183443641952,577.5352793146495,-9.82018542690517,-704.2949287756749
CYEG,20,13,3917.910129833741,216.27774633944364,-7.820275441555519,-44.984518476238215,-2.0,20.0,-9.8202754415555,-24.984518476238215,-1.9999999999999813,20.0,-2.000013958983203,-116.76016751846117,-2.000013958983203,20.057224700150698,7.820183443641952,577.5352793146495,-9.820197402625155,-694.2954468331106
CYEG,20,13,3917.910129833741,216.27774633944364,-7.820275441555519,-44.984518476238215,-1.0,-20.0,-8.820275441555507,-64.98451847623821,-0.9999999999999885,-19.999999999999993,-1.000007513962771,-88.38334503304608,-1.000007513962771,-19.99545536931187,7.820183443641952,577.5352793146495,-8.820190957604723,-665.9186243476956
CYEG,20,13,3917.910129833741,216.27774633944364,-7.820275441555519,-44.984518476238215,-1.0,-10.0,-8.820275441555507,-54.984518476238215,-0.9999999999999885,-10.0,-1.0000037792337366,-78.38362839512068,-1.0000037792337366,-9.995994191580209,7.820183443641952,577.5352793146495,-8.820187222875688,-655.9189077097702
CYEG,20,13,3917.910129833741,216.27774633944364,-7.820275441555519,-44.984518476238215,-1.0,0.0,-8.820275441555507,-44.984518476238215,-0.9999999999999885,0.0,-0.9999967553413853,-68.38360937530086,-0.9999967553413853,0.0035443851128036385,7.820183443641952,577.5352793146495,-8.820180198983337,-645.9188886899503
CYEG,20,13,3917.910129833741,216.27774633944364,-7.820275441555519,-44.984518476238215,-1.0,10.0,-8.820275441555507,-34.984518476238215,-0.9999999999999885,10.0,-1.0000105585603762,-58.383813540481825,-1.0000105585603762,10.004284377583147,7.820183443641952,577.5352793146495,-8.820194002202328,-635.9190928551313
CYEG,20,13,3917.910129833741,216.27774633944364,-7.820275441555519,-44.984518476238215,-1.0,20.0,-8.820275441555507,-24.984518476238215,-0.9999999999999885,20.0,-0.999991608272012,-48.383660483256094,-0.999991608272012,20.00314121109922,7.820183443641952,577.5352793146495,-8.820175051913964,-625.9189397979056
CYEG,20,13,3917.910129833741,216.27774633944364,-7.820275441555519,-44.984518476238215,0.0,-20.0,-7.820275441555519,-64.98451847623821,0.0,-19.999999999999993,8.441436136763514e-07,-19.99989110869373,8.441436136763514e-07,-19.999948831598335,7.820183443641952,577.5352793146495,-7.820182599498338,-597.5351704233433
CYEG,20,13,3917.910129833741,216.27774633944364,-7.820275441555519,-44.984518476238215,0.0,-10.0,-7.820275441555519,-54.984518476238215,0.0,-10.0,-3.488538595775026e-07,-10.000015056448131,-3.488538595775026e-07,-9.99999120167066,7.820183443641952,577.5352793146495,-7.820183792495811,-587.5352943710976
CYEG,20,13,3917.910129833741,216.27774633944364,-7.820275441555519,-44.984518476238215,0.0,0.0,-7.820275441555519,-44.984518476238215,0.0,0.0,-2.6725330144472537e-06,-1.534590033713812e-05,-2.6725330144472537e-06,0.0001674030605566957,7.820183443641952,577.5352793146495,-7.820186116174966,-577.5352946605499
CYEG,20,13,3917.910129833741,216.27774633944364,-7.820275441555519,-44.984518476238215,0.0,10.0,-7.820275441555519,-34.984518476238215,0.0,10.0,6.268727190672507e-07,10.000016237924031,6.268727190672507e-07,9.999973372096967,7.820183443641952,577.5352793146495,-7.820182816769233,-567.5352630767255
CYEG,20,13,3917.910129833741,216.27774633944364,-7.820275441555519,-44.984518476238215,0.0,20.0,-7.820275441555519,-24.984518476238215,0.0,20.0,3.1499194221851212e-06,20.000031704515166,3.1499194221851212e-06,19.99981631166569,7.820183443641952,577.5352793146495,-7.8201802937225295,-557.5352476101343
CYEG,20,13,3917.910129833741,216.27774633944364,-7.820275441555519,-44.984518476238215,1.0,-20.0,-6.820275441555531,-64.98451847623821,0.9999999999999876,-19.999999999999993,0.9999916350920444,48.369209680515695,0.9999916350920444,-20.017593848363774,7.820183443641952,577.5352793146495,-6.820191808549907,-529.1660696341338
CYEG,20,13,3917.910129833741,216.27774633944364,-7.820275441555519,-44.984518476238215,1.0,-10.0,-6.820275441555531,-54.984518476238215,0.9999999999999876,-10.0,1.0000038853589501,58.36922723394112,1.0000038853589501,-10.01841422869829,7.820183443641952,577.5352793146495,-6.820179558283002,-519.1660520807084
CYEG,20,13,3917.910129833741,216.27774633944364,-7.820275441555519,-44.984518476238215,1.0,0.0,-6.820275441555531,-44.984518476238215,0.9999999999999876,0.0,0.9999930161799853,68.36951815503802,0.9999930161799853,-0.01737984200414644,7.820183443641952,577.5352793146495,-6.8201904274619665,-509.1657611596115
CYEG,20,13,3917.910129833741,216.27774633944364,-7.820275441555519,-44.984518476238215,1.0,10.0,-6.820275441555531,-34.984518476238215,0.9999999999999876,10.0,0.9999915287346539,78.36927444040545,0.9999915287346539,9.982478186506071,7.820183443641952,577.5352793146495,-6.820191914907298,-499.1660048742441
CYEG,20,13,3917.910129833741,216.27774633944364,-7.820275441555519,-44.984518476238215,1.0,20.0,-6.820275441555531,-24.984518476238215,0.9999999999999876,20.0,1.0000005965624723,88.36905722215896,1.0000005965624723,19.981640717361458,7.820183443641952,577.5352793146495,-6.820182847079479,-489.16622209249056
CYEG,20,13,3917.910129833741,216.27774633944364,-7.820275441555519,-44.984518476238215,2.0,-20.0,-5.820275441555492,-64.98451847623821,2.0000000000000266,-19.999999999999993,1.9999888643329484,116.70170932147008,1.9999888643329484,-20.113964821551633,7.820183443641952,577.5352793146495,-5.820194579309003,-460.8335699931795
CYEG,20,13,3917.910129833741,216.27774633944364,-7.820275441555519,-44.984518476238215,2.0,-10.0,-5.820275441555492,-54.984518476238215,2.0000000000000266,-10.0,1.999977774185794,126.7017323760383,1.999977774185794,-10.113182493173909,7.820183443641952,577.5352793146495,-5.820205669456158,-450.8335469386112
CYEG,20,13,3917.910129833741,216.27774633944364,-7.820275441555519,-44.984518476238215,2.0,0.0,-5.820275441555492,-44.984518476238215,2.0000000000000266,0.0,1.9999791522119779,136.70102458284163,1.9999791522119779,-0.11398463130302616,7.820183443641952,577.5352793146495,-5.820204291429974,-440.8342547318079
CYEG,20,13,3917.910129833741,216.27774633944364,-7.820275441555519,-44.984518476238215,2.0,10.0,-5.820275441555492,-34.984518476238215,2.0000000000000266,10.0,1.9999800332602717,146.70262584068962,1.9999800332602717,9.88755630661575,7.820183443641952,577.5352793146495,-5.82020341038168,-430.8326534739599
CYEG,20,13,3917.910129833741,216.27774633944364,-7.820275441555519,-44.984518476238215,2.0,20.0,-5.820275441555492,-24.984518476238215,2.0000000000000266,20.0,1.9999975131179326,156.7015555921799,1.9999975131179326,19.88528932031531,7.820183443641952,577.5352793146495,-5.820185930524019,-420.83372372246964
CYEG,20,14,3518.9385419033815,205.82017033944373,-3.035445441555447,-25.848923176561083,-2.0,-20.0,-5.035445441555475,-45.84892317656109,-2.000000000000028,-20.000000000000004,-2.0000049376335767,-142.8236044467794,-2.0000049376335767,-19.939259144580248,3.035424848655339,212.14534705016095,-5.0354297862889155,-354.96895149694035
CYEG,20,14,3518.9385419033815,205.82017033944373,-3.035445441555447,-25.848923176561083,-2.0,-10.0,-5.035445441555475,-35.84892317656109,-2.000000000000028,-10.000000000000004,-1.9999951328337602,-132.82384429919574,-1.9999951328337602,-9.940101913348784,3.035424848655339,212.14534705016095,-5.035419981489099,-344.9691913493567
CYEG,20,14,3518.9385419033815,205.82017033944373,-3.035445441555447,-25.848923176561083,-2.0,0.0,-5.035445441555475,-25.848923176561083,-2.000000000000028,0.0,-2.0000102025525734,-122.82379540326374,-2.0000102025525734,0.06087364912355042,3.035424848655339,212.14534705016095,-5.035435051207912,-334.9691424534247
CYEG,20,14,3518.9385419033815,205.82017033944373,-3.035445441555447,-25.848923176561083,-2.0,10.0,-5.035445441555475,-15.848923176561083,-2.000000000000028,10.0,-2.0000098644350714,-112.82372487503477,-2.0000098644350714,10.060923385844532,3.035424848655339,212.14534705016095,-5.03543471309041,-324.96907192519575
CYEG,20,14,3518.9385419033815,205.82017033944373,-3.035445441555447,-25.848923176561083,-2.0,20.0,-5.035445441555475,-5.848923176561083,-2.000000000000028,20.0,-1.9999880950135491,-102.82408923674039,-1.9999880950135491,20.05922037975634,3.035424848655339,212.14534705016095,-5.035412943668888,-314.9694362869013
CYEG,20,14,3518.9385419033815,205.82017033944373,-3.035445441555447,-25.848923176561083,-1.0,-20.0,-4.035445441555436,-45.84892317656109,-0.9999999999999889,-20.000000000000004,-1.0000093355307342,-81.41774576191787,-1.0000093355307342,-19.993871499008137,3.035424848655339,212.14534705016095,-4.035434184186073,-293.5630928120788
CYEG,20,14,3518.9385419033815,205.82017033944373,-3.035445441555447,-25.848923176561083,-1.0,-10.0,-4.035445441555436,-35.84892317656109,-0.9999999999999889,-10.000000000000004,-1.000003302425199,-71.4178411986618,-1.000003302425199,-9.99433758427518,3.035424848655339,212.14534705016095,-4.035428151080538,-283.56318824882277
CYEG,20,14,3518.9385419033815,205.82017033944373,-3.035445441555447,-25.848923176561083,-1.0,0.0,-4.035445441555436,-25.848923176561083,-0.9999999999999889,0.0,-0.999997771870369,-61.41783306447717,-0.999997771870369,0.005330775980318947,3.035424848655339,212.14534705016095,-4.035422620525708,-273.5631801146381
CYEG,20,14,3518.9385419033815,205.82017033944373,-3.035445441555447,-25.848923176561083,-1.0,10.0,-4.035445441555436,-15.848923176561083,-0.9999999999999889,10.0,-1.000001348425542,-51.417804447691765,-1.000001348425542,10.005579121208974,3.035424848655339,212.14534705016095,-4.035426197080881,-263.5631514978527
CYEG,20,14,3518.9385419033815,205.82017033944373,-3.035445441555447,-25.848923176561083,-1.0,20.0,-4.035445441555436,-5.848923176561083,-0.9999999999999889,20.0,-1.0000029528923164,-41.41772701502783,-1.0000029528923164,20.005755125534783,3.035424848655339,212.14534705016095,-4.035427801547655,-253.56307406518877
CYEG,20,14,3518.9385419033815,205.82017033944373,-3.035445441555447,-25.848923176561083,0.0,-20.0,-3.035445441555447,-45.84892317656109,0.0,-20.000000000000004,-1.3220107177858154e-06,-19.9999425028275,-1.3220107177858154e-06,-19.999861308810992,3.035424848655339,212.14534705016095,-3.0354261706660566,-232.14528955298846
CYEG,20,14,3518.9385419033815,205.82017033944373,-3.035445441555447,-25.848923176561083,0.0,-10.0,-3.035445441555447,-35.84892317656109,0.0,-10.000000000000004,4.585569968185155e-08,-9.999880058260125,4.585569968185155e-08,-9.999882874582555,3.035424848655339,212.14534705016095,-3.035424802799639,-222.14522710842107
CYEG,20,14,3518.9385419033815,205.82017033944373,-3.035445441555447,-25.848923176561083,0.0,0.0,-3.035445441555447,-25.848923176561083,0.0,0.0,-2.2467200722076086e-06,-2.5850850455810814e-06,-2.2467200722076086e-06,0.00013540186481612935,3.035424848655339,212.14534705016095,-3.035427095375411,-212.145349635246
CYEG,20,14,3518.9385419033815,205.82017033944373,-3.035445441555447,-25.848923176561083,0.0,10.0,-3.035445441555447,-15.848923176561083,0.0,10.0,-8.303181289193162e-07,10.00002630039692,-8.303181289193162e-07,10.000077296098361,3.035424848655339,212.14534705016095,-3.0354256789734677,-202.14532074976404
CYEG,20,14,3518.9385419033815,205.82017033944373,-3.035445441555447,-25.848923176561083,0.0,20.0,-3.035445441555447,-5.848923176561083,0.0,20.0,-2.2444339435878646e-06,20.00010402866237,-2.2444339435878646e-06,20.000241875204924,3.035424848655339,212.14534705016095,-3.0354270930892824,-192.14524302149857
CYEG,20,14,3518.9385419033815,205.82017033944373,-3.035445441555447,-25.848923176561083,1.0,-20.0,-2.035445441555458,-45.84892317656109,0.9999999999999889,-20.000000000000004,0.9999925265285015,41.40945574022686,0.9999925265285015,-20.01338584858231,3.035424848655339,212.14534705016095,-2.0354323221268373,-170.7358913099341
CYEG,20,14,3518.9385419033815,205.82017033944373,-3.035445441555447,-25.848923176561083,1.0,-10.0,-2.035445441555458,-35.84892317656109,0.9999999999999889,-10.000000000000004,1.0000082808633692,51.40962786604648,1.0000082808633692,-10.014181602554686,3.035424848655339,212.14534705016095,-2.0354165677919696,-160.7357191841145
CYEG,20,14,3518.9385419033815,205.82017033944373,-3.035445441555447,-25.848923176561083,1.0,0.0,-2.035445441555458,-25.848923176561083,0.9999999999999889,0.0,0.9999930426022559,61.40947045210229,0.9999930426022559,-0.013402842098436452,3.035424848655339,212.14534705016095,-2.035431806053083,-150.73587659805867
CYEG,20,14,3518.9385419033815,205.82017033944373,-3.035445441555447,-25.848923176561083,1.0,10.0,-2.035445441555458,-15.848923176561083,0.9999999999999889,10.0,0.9999944799962464,71.40968784340986,0.9999944799962464,9.986726241793882,3.035424848655339,212.14534705016095,-2.0354303686590924,-140.7356592067511
CYEG,20,14,3518.9385419033815,205.82017033944373,-3.035445441555447,-25.848923176561083,1.0,20.0,-2.035445441555458,-5.848923176561083,0.9999999999999889,20.0,1.0000013812388033,81.40955124125514,1.0000013812388033,19.986165656446218,3.035424848655339,212.14534705016095,-2.0354234674165355,-130.7357958089058
CYEG,20,14,3518.9385419033815,205.82017033944373,-3.035445441555447,-25.848923176561083,2.0,-20.0,-1.0354454415554695,-45.84892317656109,1.9999999999999776,-20.000000000000004,1.9999948740633329,102.79050490554934,1.9999948740633329,-20.09322156799712,3.035424848655339,212.14534705016095,-1.035429974592006,-109.35484214461161
CYEG,20,14,3518.9385419033815,205.82017033944373,-3.035445441555447,-25.848923176561083,2.0,-10.0,-1.0354454415554695,-35.84892317656109,1.9999999999999776,-10.000000000000004,2.000014981348727,112.79144163363144,2.000014981348727,-10.093521276299384,3.035424848655339,212.14534705016095,-1.0354098673066119,-99.35390541652951
CYEG,20,14,3518.9385419033815,205.82017033944373,-3.035445441555447,-25.848923176561083,2.0,0.0,-1.0354454415554695,-25.848923176561083,1.9999999999999776,0.0,2.0000042763755914,122.79132986770574,2.0000042763755914,-0.09297477244400909,3.035424848655339,212.14534705016095,-1.0354205722797474,-89.35401718245521
CYEG,20,14,3518.9385419033815,205.82017033944373,-3.035445441555447,-25.848923176561083,2.0,10.0,-1.0354454415554695,-15.848923176561083,1.9999999999999776,10.0,1.9999881464927682,132.7910912719646,1.9999881464927682,9.90777848990983,3.035424848655339,212.14534705016095,-1.0354367021625706,-79.35425577819635
CYEG,20,14,3518.9385419033815,205.82017033944373,-3.035445441555447,-25.848923176561083,2.0,20.0,-1.0354454415554695,-5.848923176561083,1.9999999999999776,20.0,1.9999868994646306,142.7906867252603,1.9999868994646306,19.90745062540796,3.035424848655339,212.14534705016095,-1.0354379491907082,-69.35466032490066
CYEG,20,15,3209.886283731933,174.20831433944363,-1.3691144415554781,4.987755228685005,-2.0,-20.0,-3.3691144415555074,-15.012244771314995,-2.0000000000000293,-20.0,-1.9999854812197668,-132.01747017843275,-1.9999854812197668,-19.92658554824125,1.369117262195914,71.70802234005532,-3.369102743415681,-203.72549251848807
CYEG,20,15,3209.886283731933,174.20831433944363,-1.3691144415554781,4.987755228685005,-2.0,-10.0,-3.3691144415555074,-5.012244771314995,-2.0000000000000293,-10.0,-1.9999926513004311,-122.01836332258735,-1.9999926513004311,-9.927076512522987,1.369117262195914,71.70802234005532,-3.369109913496345,-193.72638566264266
CYEG,20,15,3209.886283731933,174.20831433944363,-1.3691144415554781,4.987755228685005,-2.0,0.0,-3.3691144415555074,4.987755228685005,-2.0000000000000293,0.0,-2.000010436192298,-112.0187268973879,-2.000010436192298,0.07355749220084817,1.369117262195914,71.70802234005532,-3.369127698388212,-183.72674923744322
CYEG,20,15,3209.886283731933,174.20831433944363,-1.3691144415554781,4.987755228685005,-2.0,10.0,-3.3691144415555074,14.987755228685005,-2.0000000000000293,10.0,-2.0000064951087495,-102.01840234024458,-2.0000064951087495,10.073660988439556,1.369117262195914,71.70802234005532,-3.3691237573046635,-173.72642468029989
CYEG,20,15,3209.886283731933,174.20831433944363,-1.3691144415554781,4.987755228685005,-2.0,20.0,-3.3691144415555074,24.987755228685003,-2.0000000000000293,20.0,-2.0000140474159025,-92.01848113154954,-2.0000140474159025,20.074005816637836,1.369117262195914,71.70802234005532,-3.3691313096118165,-163.72650347160487
CYEG,20,15,3209.886283731933,174.20831433944363,-1.3691144415554781,4.987755228685005,-1.0,-20.0,-2.3691144415555176,-15.012244771314995,-1.0000000000000395,-20.0,-1.000001127262891,-76.01905679782692,-1.000001127262891,-19.990220131105694,1.369117262195914,71.70802234005532,-2.369118389458805,-147.72707913788224
CYEG,20,15,3209.886283731933,174.20831433944363,-1.3691144415554781,4.987755228685005,-1.0,-10.0,-2.3691144415555176,-5.012244771314995,-1.0000000000000395,-10.0,-1.000005553199344,-66.01912927392469,-1.000005553199344,-9.990044577045452,1.369117262195914,71.70802234005532,-2.369122815395258,-137.72715161398003
CYEG,20,15,3209.886283731933,174.20831433944363,-1.3691144415554781,4.987755228685005,-1.0,0.0,-2.3691144415555176,4.987755228685005,-1.0000000000000395,0.0,-1.0000035800445346,-56.01932054719068,-1.0000035800445346,0.009653573790167513,1.369117262195914,71.70802234005532,-2.3691208422404486,-127.72734288724601
CYEG,20,15,3209.886283731933,174.20831433944363,-1.3691144415554781,4.987755228685005,-1.0,10.0,-2.3691144415555176,14.987755228685005,-1.0000000000000395,10.0,-0.9999957919413305,-46.01908572311463,-0.9999957919413305,10.009451951368519,1.369117262195914,71.70802234005532,-2.3691130541372445,-117.72710806316995
CYEG,20,15,3209.886283731933,174.20831433944363,-1.3691144415554781,4.987755228685005,-1.0,20.0,-2.3691144415555176,24.987755228685003,-1.0000000000000395,20.0,-1.0000022021106076,-36.019062456520835,-1.0000022021106076,20.009834444831313,1.369117262195914,71.70802234005532,-2.3691194643065216,-107.72708479657615
CYEG,20,15,3209.886283731933,174.20831433944363,-1.3691144415554781,4.987755228685005,0.0,-20.0,-1.3691144415554781,-15.012244771314995,0.0,-20.0,-1.542894182193777e-06,-19.99999779343766,-1.542894182193777e-06,-19.999911355746878,1.369117262195914,71.70802234005532,-1.3691188050900962,-91.70802013349298
CYEG,20,15,3209.886283731933,174.20831433944363,-1.3691144415554781,4.987755228685005,0.0,-10.0,-1.3691144415554781,-5.012244771314995,0.0,-10.0,1.3114734542796214e-06,-9.99986958655702,1.3114734542796214e-06,-9.999943059344861,1.369117262195914,71.70802234005532,-1.3691159507224597,-81.70789192661235
CYEG,20,15,3209.886283731933,174.20831433944363,-1.3691144415554781,4.987755228685005,0.0,0.0,-1.3691144415554781,4.987755228685005,0.0,0.0,3.0125755756671424e-07,5.1769696931103226e-05,3.0125755756671424e-07,3.4892319397856054e-05,1.369117262195914,71.70802234005532,-1.3691169609383564,-71.70797057035838
CYEG,20,15,3209.886283731933,174.20831433944363,-1.3691144415554781,4.987755228685005,0.0,10.0,-1.3691144415554781,14.987755228685005,0.0,10.0,2.385995088616255e-06,10.000024545480672,2.385995088616255e-06,9.999890874676765,1.369117262195914,71.70802234005532,-1.3691148762008254,-61.70799779457465
CYEG,20,15,3209.886283731933,174.20831433944363,-1.3691144415554781,4.987755228685005,0.0,20.0,-1.3691144415554781,24.987755228685003,0.0,20.0,-2.6669795261113904e-09,20.000051627648407,-2.6669795261113904e-09,20.000051777060825,1.369117262195914,71.70802234005532,-1.3691172648628935,-51.70797071240692
CYEG,20,15,3209.886283731933,174.20831433944363,-1.3691144415554781,4.987755228685005,1.0,-20.0,-0.36911444155548956,-15.012244771314995,0.9999999999999886,-20.0,0.9999984677511691,36.02081632952913,0.9999984677511691,-20.007871297747414,1.369117262195914,71.70802234005532,-0.36911879444474494,-35.68720601052619
CYEG,20,15,3209.886283731933,174.20831433944363,-1.3691144415554781,4.987755228685005,1.0,-10.0,-0.36911444155548956,-5.012244771314995,0.9999999999999886,-10.0,0.9999995701965361,46.02080484325159,0.9999995701965361,-10.007944565232336,1.369117262195914,71.70802234005532,-0.36911769199937794,-25.687217496803733
CYEG,20,15,3209.886283731933,174.20831433944363,-1.3691144415554781,4.987755228685005,1.0,0.0,-0.36911444155548956,4.987755228685005,0.9999999999999886,0.0,1.0000059789101385,56.02100827249617,1.0000059789101385,-0.008100281281350874,1.369117262195914,71.70802234005532,-0.36911128328577547,-15.687014067559154
CYEG,20,15,3209.886283731933,174.20831433944363,-1.3691144415554781,4.987755228685005,1.0,10.0,-0.36911444155548956,14.987755228685005,0.9999999999999886,10.0,1.0000027121212725,66.02059314341274,1.0000027121212725,9.991667660984689,1.369117262195914,71.70802234005532,-0.36911455007464156,-5.687429196642583
CYEG,20,15,3209.886283731933,174.20831433944363,-1.3691144415554781,4.987755228685005,1.0,20.0,-0.36911444155548956,24.987755228685003,0.9999999999999886,20.0,1.0000067434494326,76.02052928359241,1.0000067434494326,19.991377884915458,1.369117262195914,71.70802234005532,-0.3691105187464814,4.3125069435370875
CYEG,20,15,3209.886283731933,174.20831433944363,-1.3691144415554781,4.987755228685005,2.0,-20.0,0.6308855584444991,-15.012244771314995,1.9999999999999774,-20.0,2.0000119989501,92.02520867474693,2.0000119989501,-20.067163372119424,1.369117262195914,71.70802234005532,0.6308947367541862,20.317186334691613
CYEG,20,15,3209.886283731933,174.20831433944363,-1.3691144415554781,4.987755228685005,2.0,-10.0,0.6308855584444991,-5.012244771314995,1.9999999999999774,-10.0,2.0000092249464387,102.02517826130347,2.0000092249464387,-10.067038187805835,1.369117262195914,71.70802234005532,0.6308919627505247,30.317155921248144
CYEG,20,15,3209.886283731933,174.20831433944363,-1.3691144415554781,4.987755228685005,2.0,0.0,0.6308855584444991,4.987755228685005,1.9999999999999774,0.0,1.9999751591231245,112.02390465711281,1.9999751591231245,-0.06640099221844764,1.369117262195914,71.70802234005532,0.6308578969272105,40.315882317057486
CYEG,20,15,3209.886283731933,174.20831433944363,-1.3691144415554781,4.987755228685005,2.0,10.0,0.6308855584444991,14.987755228685005,1.9999999999999774,10.0,1.9999895132773986,122.02466792056862,1.9999895132773986,9.933557126614303,1.369117262195914,71.70802234005532,0.6308722510814846,50.316645580513295
CYEG,20,15,3209.886283731933,174.20831433944363,-1.3691144415554781,4.987755228685005,2.0,20.0,0.6308855584444991,24.987755228685003,1.9999999999999774,20.0,2.00003762049883,132.02442565047068,2.00003762049883,19.930616454966497,1.369117262195914,71.70802234005532,0.6309203583029159,60.31640331041535
CYEG,20,16,2826.626055985027,176.54201933944364,-0.2849914415554512,-106.15864348135521,-2.0,-20.0,-2.2849914415554795,-126.15864348135521,-2.0000000000000284,-20.0,-2.000032039479521,-118.71211784603074,-2.000032039479521,-20.002578344574374,0.28499457821956753,120.21646441214637,-2.2850266176990885,-238.9285822581771
CYEG,20,16,2826.626055985027,176.54201933944364,-0.2849914415554512,-106.15864348135521,-2.0,-10.0,-2.2849914415554795,-116.15864348135521,-2.0000000000000284,-10.0,-2.0000333793116454,-108.71198487685606,-2.0000333793116454,-10.002379195605627,0.28499457821956753,120.21646441214637,-2.285027957531213,-228.92844928900243
CYEG,20,16,2826.626055985027,176.54201933944364,-0.2849914415554512,-106.15864348135521,-2.0,0.0,-2.2849914415554795,-106.15864348135521,-2.0000000000000284,0.0,-2.00003576755347,-98.7116677314676,-2.00003576755347,-0.001944085175423993,0.28499457821956753,120.21646441214637,-2.2850303457730377,-218.92813214361396
CYEG,20,16,2826.626055985027,176.54201933944364,-0.2849914415554512,-106.15864348135521,-2.0,10.0,-2.2849914415554795,-96.15864348135521,-2.0000000000000284,10.0,-2.000029867490383,-88.71236897626771,-2.000029867490383,9.997063241752969,0.28499457821956753,120.21646441214637,-2.2850244457099507,-208.9288333884141
CYEG,20,16,2826.626055985027,176.54201933944364,-0.2849914415554512,-106.15864348135521,-2.0,20.0,-2.2849914415554795,-86.15864348135521,-2.0000000000000284,20.0,-2.000023754268028,-78.71230396718761,-2.000023754268028,19.99682629375475,0.28499457821956753,120.21646441214637,-2.2850183324875957,-198.92876837933397
CYEG,20,16,2826.626055985027,176.54201933944364,-0.2849914415554512,-106.15864348135521,-1.0,-20.0,-1.284991441555491,-126.15864348135521,-1.00000000000004,-20.0,-1.0000074094785703,-69.34684466306524,-1.0000074094785703,-20.007537677974604,0.28499457821956753,120.21646441214637,-1.2850019876981378,-189.5633090752116
CYEG,20,16,2826.626055985027,176.54201933944364,-0.2849914415554512,-106.15864348135521,-1.0,-10.0,-1.284991441555491,-116.15864348135521,-1.00000000000004,-10.0,-1.000011017693339,-59.34704805712646,-1.000011017693339,-10.00756301037977,0.28499457821956753,120.21646441214637,-1.2850055959129065,-179.56351246927284
CYEG,20,16,2826.626055985027,176.54201933944364,-0.2849914415554512,-106.15864348135521,-1.0,0.0,-1.284991441555491,-106.15864348135521,-1.00000000000004,0.0,-1.0000096528184486,-49.346991280961035,-1.0000096528184486,-0.007573589374466394,0.28499457821956753,120.21646441214637,-1.285004231038016,-169.56345569310741
CYEG,20,16,2826.626055985027,176.54201933944364,-0.2849914415554512,-106.15864348135521,-1.0,10.0,-1.284991441555491,-96.15864348135521,-1.00000000000004,10.0,-1.0000150430367114,-39.34713820376833,-1.0000150430367114,9.99254548949876,0.28499457821956753,120.21646441214637,-1.285009621256279,-159.5636026159147
CYEG,20,16,2826.626055985027,176.54201933944364,-0.2849914415554512,-106.15864348135521,-1.0,20.0,-1.284991441555491,-86.15864348135521,-1.00000000000004,20.0,-1.0000013553862175,-29.347027097360133,-1.0000013553862175,19.991981124553654,0.28499457821956753,120.21646441214637,-1.284995933605785,-149.5634915095065
CYEG,20,16,2826.626055985027,176.54201933944364,-0.2849914415554512,-106.15864348135521,0.0,-20.0,-0.2849914415554512,-126.15864348135521,0.0,-20.0,-2.519144544521623e-06,-19.999980051259087,-2.519144544521623e-06,-19.99985577195494,0.28499457821956753,120.21646441214637,-0.28499709736411205,-140.21644446340545
CYEG,20,16,2826.626055985027,176.54201933944364,-0.2849914415554512,-106.15864348135521,0.0,-10.0,-0.2849914415554512,-116.15864348135521,0.0,-10.0,2.0069414574663824e-06,-9.999872501699652,2.0069414574663824e-06,-9.999971512011838,0.28499457821956753,120.21646441214637,-0.28499257127811006,-130.21633691384602
CYEG,20,16,2826.626055985027,176.54201933944364,-0.2849914415554512,-106.15864348135521,0.0,0.0,-0.2849914415554512,-106.15864348135521,0.0,0.0,1.7739609177169768e-06,0.00017043383762249675,1.7739609177169768e-06,8.291737140227542e-05,0.28499457821956753,120.21646441214637,-0.2849928042586498,-120.21629397830874
CYEG,20,16,2826.626055985027,176.54201933944364,-0.2849914415554512,-106.15864348135521,0.0,10.0,-0.2849914415554512,-96.15864348135521,0.0,10.0,-2.845132286211083e-06,9.999969996907431,-2.845132286211083e-06,10.000110358468461,0.28499457821956753,120.21646441214637,-0.28499742335185374,-110.21649441523894
CYEG,20,16,2826.626055985027,176.54201933944364,-0.2849914415554512,-106.15864348135521,0.0,20.0,-0.2849914415554512,-86.15864348135521,0.0,20.0,8.756227884987311e-07,20.000062591998557,8.756227884987311e-07,20.000019394083978,0.28499457821956753,120.21646441214637,-0.28499370259677903,-100.21640182014781
CYEG,20,16,2826.626055985027,176.54201933944364,-0.2849914415554512,-106.15864348135521,1.0,-20.0,0.7150085584445376,-126.15864348135521,0.9999999999999888,-20.0,0.9999919179982442,29.312805961924987,0.9999919179982442,-20.025736534685265,0.28499457821956753,120.21646441214637,0.7149973397786766,-90.90365845022137
CYEG,20,16,2826.626055985027,176.54201933944364,-0.2849914415554512,-106.15864348135521,1.0,-10.0,0.7150085584445376,-116.15864348135521,0.9999999999999888,-10.0,0.9999969848644525,39.31295715028609,0.9999969848644525,-10.02583539091345,0.28499457821956753,120.21646441214637,0.715002406644885,-80.90350726186028
CYEG,20,16,2826.626055985027,176.54201933944364,-0.2849914415554512,-106.15864348135521,1.0,0.0,0.7150085584445376,-106.15864348135521,0.9999999999999888,0.0,0.9999962002371774,49.31294835756842,0.9999962002371774,-0.02580546308927012,0.28499457821956753,120.21646441214637,0.7150016220176099,-70.90351605457795
CYEG,20,16,2826.626055985027,176.54201933944364,-0.2849914415554512,-106.15864348135521,1.0,10.0,0.7150085584445376,-96.15864348135521,0.9999999999999888,10.0,1.0000029728355173,59.313070652248555,1.0000029728355173,9.973982610889934,0.28499457821956753,120.21646441214637,0.7150083946159498,-60.90339375989781
CYEG,20,16,2826.626055985027,176.54201933944364,-0.2849914415554512,-106.15864348135521,1.0,20.0,0.7150085584445376,-86.15864348135521,0.9999999999999888,20.0,0.9999932984840427,69.31298976169008,0.9999932984840427,19.974379139538335,0.28499457821956753,120.21646441214637,0.7149987202644752,-50.90347465045629
CYEG,20,16,2826.626055985027,176.54201933944364,-0.2849914415554512,-106.15864348135521,2.0,-20.0,1.7150085584445263,-126.15864348135521,1.9999999999999774,-20.0,1.9999921387184827,78.57596580639284,1.9999921387184827,-20.13160283316637,0.28499457821956753,120.21646441214637,1.7149975604989152,-41.64049860575352
CYEG,20,16,2826.626055985027,176.54201933944364,-0.2849914415554512,-106.15864348135521,2.0,-10.0,1.7150085584445263,-116.15864348135521,1.9999999999999774,-10.0,1.9999666534386336,88.57578438714765,1.9999666534386336,-10.130525430181521,0.28499457821956753,120.21646441214637,1.714972075219066,-31.640680024998716
CYEG,20,16,2826.626055985027,176.54201933944364,-0.2849914415554512,-106.15864348135521,2.0,0.0,1.7150085584445263,-106.15864348135521,1.9999999999999774,0.0,1.9999902755864696,98.5760530136296,1.9999902755864696,-0.13142359821623018,0.28499457821956753,120.21646441214637,1.714995697366902,-21.64041139851676
CYEG,20,16,2826.626055985027,176.54201933944364,-0.2849914415554512,-106.15864348135521,2.0,10.0,1.7150085584445263,-96.15864348135521,1.9999999999999774,10.0,1.9999687156945924,108.57569385987941,1.9999687156945924,9.869282179293336,0.28499457821956753,120.21646441214637,1.714974137475025,-11.640770552266957
CYEG,20,16,2826.626055985027,176.54201933944364,-0.2849914415554512,-106.15864348135521,2.0,20.0,1.7150085584445263,-86.15864348135521,1.9999999999999774,20.0,1.9999705247010695,118.5759382892606,1.9999705247010695,19.869437254445216,0.28499457821956753,120.21646441214637,1.714975946481502,-1.6405261228857597
CYEG,20,17,2811.314032383059,201.74838333944365,1.69650455844454,57.89536949411933,-2.0,-20.0,-0.3034954415554887,37.89536949411933,-2.0000000000000284,-20.0,-1.9999721030065984,-118.07467587769673,-1.9999721030065984,-19.902797066142142,-1.6964868497771874,-141.09769239142474,-0.303485253229411,23.02301651372801
CYEG,20,17,2811.314032383059,201.74838333944365,1.69650455844454,57.89536949411933,-2.0,-10.0,-0.3034954415554887,47.89536949411933,-2.0000000000000284,-10.0,-1.999984861298941,-108.07452862457124,-1.999984861298941,-9.902023042515864,-1.6964868497771874,-141.09769239142474,-0.3034980115217536,33.0231637668535
CYEG,20,17,2811.314032383059,201.74838333944365,1.69650455844454,57.89536949411933,-2.0,0.0,-0.3034954415554887,57.89536949411933,-2.0000000000000284,0.0,-1.9999835832879,-98.0745526932954,-1.9999835832879,0.097890104524879,-1.6964868497771874,-141.09769239142474,-0.3034967335107126,43.02313969812934
CYEG,20,17,2811.314032383059,201.74838333944365,1.69650455844454,57.89536949411933,-2.0,10.0,-0.3034954415554887,67.89536949411934,-2.0000000000000284,10.000000000000007,-1.9999854408857232,-88.07495148908156,-1.9999854408857232,10.09758256605555,-1.6964868497771874,-141.09769239142474,-0.3034985911085357,53.02274090234319
CYEG,20,17,2811.314032383059,201.74838333944365,1.69650455844454,57.89536949411933,-2.0,20.0,-0.3034954415554887,77.89536949411934,-2.0000000000000284,20.000000000000007,-1.9999977885277076,-78.07487780446712,-1.9999977885277076,20.098262847357518,-1.6964868497771874,-141.09769239142474,-0.30351093875052015,63.02281458695762
CYEG,20,17,2811.314032383059,201.74838333944365,1.69650455844454,57.89536949411933,-1.0,-20.0,0.6965045584445001,37.89536949411933,-1.00000000000004,-20.0,-0.9999958069538764,-69.05428980639786,-0.9999958069538764,-19.982826639104744,-1.6964868497771874,-141.09769239142474,0.6964910428233111,72.04340258502688
CYEG,20,17,2811.314032383059,201.74838333944365,1.69650455844454,57.89536949411933,-1.0,-10.0,0.6965045584445001,47.89536949411933,-1.00000000000004,-10.0,-0.9999954705027392,-59.05454260094913,-0.9999954705027392,-9.98309594722813,-1.6964868497771874,-141.09769239142474,0.6964913792744483,82.04314979047561
CYEG,20,17,2811.314032383059,201.74838333944365,1.69650455844454,57.89536949411933,-1.0,0.0,0.6965045584445001,57.89536949411933,-1.00000000000004,0.0,-0.9999785445963312,-49.05418760637572,-0.9999785445963312,0.016428296178368385,-1.6964868497771874,-141.09769239142474,0.6965083051808563,92.04350478504902
CYEG,20,17,2811.314032383059,201.74838333944365,1.69650455844454,57.89536949411933,-1.0,10.0,0.6965045584445001,67.89536949411934,-1.00000000000004,10.000000000000007,-1.0000035759152865,-39.05448506058292,-1.0000035759152865,10.017359420044428,-1.6964868497771874,-141.09769239142474,0.6964832738619009,102.04320733084182
CYEG,20,17,2811.314032383059,201.74838333944365,1.69650455844454,57.89536949411933,-1.0,20.0,0.6965045584445001,77.89536949411934,-1.00000000000004,20.000000000000007,-1.0000040504694994,-29.05432049342892,-1.0000040504694994,20.0175472790955,-1.6964868497771874,-141.09769239142474,0.6964827993076881,112.04337189799583
CYEG,20,17,2811.314032383059,201.74838333944365,1.69650455844454,57.89536949411933,0.0,-20.0,1.69650455844454,37.89536949411933,0.0,-20.0,9.203156423609471e-07,-19.999866442480077,9.203156423609471e-07,-19.99991159931888,-1.6964868497771874,-141.09769239142474,1.6964877700928298,121.09782594894466
CYEG,20,17,2811.314032383059,201.74838333944365,1.69650455844454,57.89536949411933,0.0,-10.0,1.69650455844454,47.89536949411933,0.0,-10.0,4.178568815405015e-07,-9.999862452842173,4.178568815405015e-07,-9.999882955694645,-1.6964868497771874,-141.09769239142474,1.696487267634069,131.09782993858258
CYEG,20,17,2811.314032383059,201.74838333944365,1.69650455844454,57.89536949411933,0.0,0.0,1.69650455844454,57.89536949411933,0.0,0.0,2.9884836578730756e-06,2.6929140540588037e-05,2.9884836578730756e-06,-0.00011970584923222256,-1.6964868497771874,-141.09769239142474,1.6964898382608453,141.0977193205653
CYEG,20,17,2811.314032383059,201.74838333944365,1.69650455844454,57.89536949411933,0.0,10.0,1.69650455844454,67.89536949411934,0.0,10.000000000000007,6.04158429950985e-07,10.000192419072167,6.04158429950985e-07,10.000162775020087,-1.6964868497771874,-141.09769239142474,1.6964874539356174,151.0978848104969
CYEG,20,17,2811.314032383059,201.74838333944365,1.69650455844454,57.89536949411933,0.0,20.0,1.69650455844454,77.89536949411934,0.0,20.000000000000007,-1.0301150439318008e-06,20.000074590361923,-1.0301150439318008e-06,20.000125134693505,-1.6964868497771874,-141.09769239142474,1.6964858196621435,161.09776698178666
CYEG,20,17,2811.314032383059,201.74838333944365,1.69650455844454,57.89536949411933,1.0,-20.0,2.696504558444529,37.89536949411933,0.9999999999999889,-20.0,1.0000112554920975,29.07285424900867,1.0000112554920975,-19.999367157812316,-1.6964868497771874,-141.09769239142474,2.696498105269285,170.17054664043343
CYEG,20,17,2811.314032383059,201.74838333944365,1.69650455844454,57.89536949411933,1.0,-10.0,2.696504558444529,47.89536949411933,0.9999999999999889,-10.0,0.999998157476341,39.073145270272164,0.999998157476341,-9.998433264508236,-1.6964868497771874,-141.09769239142474,2.6964850072535285,180.1708376616969
CYEG,20,17,2811.314032383059,201.74838333944365,1.69650455844454,57.89536949411933,1.0,0.0,2.696504558444529,57.89536949411933,0.9999999999999889,0.0,1.000006255357107,49.07283700841248,1.000006255357107,0.000861016397230685,-1.6964868497771874,-141.09769239142474,2.6964931051342944,190.17052939983722
CYEG,20,17,2811.314032383059,201.74838333944365,1.69650455844454,57.89536949411933,1.0,10.0,2.696504558444529,67.89536949411934,0.9999999999999889,10.000000000000007,1.000002795706962,59.072666914521356,1.000002795706962,10.000860727794915,-1.6964868497771874,-141.09769239142474,2.6964896454841494,200.1703593059461
CYEG,20,17,2811.314032383059,201.74838333944365,1.69650455844454,57.89536949411933,1.0,20.0,2.696504558444529,77.89536949411934,0.9999999999999889,20.000000000000007,0.999993238497126,69.07289514185356,0.999993238497126,20.001558038618747,-1.6964868497771874,-141.09769239142474,2.6964800882743134,210.1705875332783
CYEG,20,17,2811.314032383059,201.74838333944365,1.69650455844454,57.89536949411933,2.0,-20.0,3.696504558444517,37.89536949411933,1.999999999999977,-20.0,1.9999990105127097,78.14860846883148,1.9999990105127097,-20.02459221486498,-1.6964868497771874,-141.09769239142474,3.696485860289897,219.2463008602562
CYEG,20,17,2811.314032383059,201.74838333944365,1.69650455844454,57.89536949411933,2.0,-10.0,3.696504558444517,47.89536949411933,1.999999999999977,-10.0,2.0000099135073697,88.1487409629213,2.0000099135073697,-10.024995346974634,-1.6964868497771874,-141.09769239142474,3.696496763284557,229.24643335434604
CYEG,20,17,2811.314032383059,201.74838333944365,1.69650455844454,57.89536949411933,2.0,0.0,3.696504558444517,57.89536949411933,1.999999999999977,0.0,1.9999991901036367,98.14888355530803,1.9999991901036367,-0.024325951065875984,-1.6964868497771874,-141.09769239142474,3.696486039880824,239.24657594673278
CYEG,20,17,2811.314032383059,201.74838333944365,1.69650455844454,57.89536949411933,2.0,10.0,3.696504558444517,67.89536949411934,1.999999999999977,10.000000000000007,2.0000195014068254,108.148889445207,2.0000195014068254,9.974682115158274,-1.6964868497771874,-141.09769239142474,3.696506351184013,249.24658183663175
CYEG,20,17,2811.314032383059,201.74838333944365,1.69650455844454,57.89536949411933,2.0,20.0,3.696504558444517,77.89536949411934,1.999999999999977,20.000000000000007,2.0000269445437766,118.14918737523246,2.0000269445437766,19.974614389749348,-1.6964868497771874,-141.09769239142474,3.696513794320964,259.24687976665723
CYEG,20,18,2553.280732459901,156.01191033944372,1.7933445584445065,49.224372669000765,-2.0,-20.0,-0.20665544155547091,29.224372669000765,-1.9999999999999774,-20.0,-1.9999818875867277,-109.07423739171725,-1.9999818875867277,-19.912517616327335,-1.7933390944642724,-129.10065923986704,-0.20664279312245526,20.026421848149795
CYEG,20,18,2553.280732459901,156.01191033944372,1.7933445584445065,49.224372669000765,-2.0,-10.0,-0.20665544155547091,39.224372669000765,-1.9999999999999774,-10.0,-1.9999869798643033,-99.07458492882083,-1.9999869798643033,-9.912637948748127,-1.7933390944642724,-129.10065923986704,-0.20664788540003087,30.026074311046216
CYEG,20,18,2553.280732459901,156.01191033944372,1.7933445584445065,49.224372669000765,-2.0,0.0,-0.20665544155547091,49.224372669000765,-1.9999999999999774,0.0,-1.9999769651142856,-89.07430174744995,-1.9999769651142856,0.08719839953865005,-1.7933390944642724,-129.10065923986704,-0.20663787065001316,40.02635749241709
CYEG,20,18,2553.280732459901,156.01191033944372,1.7933445584445065,49.224372669000765,-2.0,10.0,-0.20665544155547091,59.224372669000765,-1.9999999999999774,10.0,-1.999984877436873,-79.07451194696063,-1.999984877436873,10.087341228060936,-1.7933390944642724,-129.10065923986704,-0.2066457829726005,50.026147292906415
CYEG,20,18,2553.280732459901,156.01191033944372,1.7933445584445065,49.224372669000765,-2.0,20.0,-0.20665544155547091,69.22437266900076,-1.9999999999999774,19.999999999999993,-1.99996918007065,-69.07460236251484,-1.99996918007065,20.086550435312418,-1.7933390944642724,-129.10065923986704,-0.20663008560637763,60.026056877352204
CYEG,20,18,2553.280732459901,156.01191033944372,1.7933445584445065,49.224372669000765,-1.0,-20.0,0.7933445584445176,29.224372669000765,-0.9999999999999889,-20.0,-1.000003235058898,-64.55231017662632,-1.000003235058898,-19.984485003214978,-1.7933390944642724,-129.10065923986704,0.7933358594053743,64.54834906324072
CYEG,20,18,2553.280732459901,156.01191033944372,1.7933445584445065,49.224372669000765,-1.0,-10.0,0.7933445584445176,39.224372669000765,-0.9999999999999889,-10.0,-0.9999917930220761,-54.552469199835905,-0.9999917930220761,-9.985154075043951,-1.7933390944642724,-129.10065923986704,0.7933473014421963,74.54819004003113
CYEG,20,18,2553.280732459901,156.01191033944372,1.7933445584445065,49.224372669000765,-1.0,0.0,0.7933445584445176,49.224372669000765,-0.9999999999999889,0.0,-1.000007247783941,-44.552265846016056,-1.000007247783941,0.015738201568616716,-1.7933390944642724,-129.10065923986704,0.7933318466803314,84.54839339385099
CYEG,20,18,2553.280732459901,156.01191033944372,1.7933445584445065,49.224372669000765,-1.0,10.0,0.7933445584445176,59.224372669000765,-0.9999999999999889,10.0,-0.9999978609846778,-34.552326044490655,-0.9999978609846778,10.015259570249086,-1.7933390944642724,-129.10065923986704,0.7933412334795946,94.54833319537639
CYEG,20,18,2553.280732459901,156.01191033944372,1.7933445584445065,49.224372669000765,-1.0,20.0,0.7933445584445176,69.22437266900076,-0.9999999999999889,19.999999999999993,-1.000000731497181,-24.552346523070305,-1.000000731497181,20.015367049738742,-1.7933390944642724,-129.10065923986704,0.7933383629670914,104.54831271679674
CYEG,20,18,2553.280732459901,156.01191033944372,1.7933445584445065,49.224372669000765,0.0,-20.0,1.7933445584445065,29.224372669000765,0.0,-20.0,-3.3131153998056107e-06,-19.99998249083016,-3.3131153998056107e-06,-19.999834847953377,-1.7933390944642724,-129.10065923986704,1.7933357813488726,109.10067674903688
CYEG,20,18,2553.280732459901,156.01191033944372,1.7933445584445065,49.224372669000765,0.0,-10.0,1.7933445584445065,39.224372669000765,0.0,-10.0,-1.9357460701030504e-06,-9.999968340203404,-1.9357460701030504e-06,-9.999882077250255,-1.7933390944642724,-129.10065923986704,1.7933371587182023,119.10069089966363
CYEG,20,18,2553.280732459901,156.01191033944372,1.7933445584445065,49.224372669000765,0.0,0.0,1.7933445584445065,49.224372669000765,0.0,0.0,3.6406313199677243e-06,9.315952278043937e-06,3.6406313199677243e-06,-0.0001529220673851882,-1.7933390944642724,-129.10065923986704,1.7933427350955924,129.1006685558193
CYEG,20,18,2553.280732459901,156.01191033944372,1.7933445584445065,49.224372669000765,0.0,10.0,1.7933445584445065,59.224372669000765,0.0,10.0,-1.2472405899188743e-06,9.999854172886605,-1.2472405899188743e-06,9.99990975386297,-1.7933390944642724,-129.10065923986704,1.7933378472236825,139.10051341275366
CYEG,20,18,2553.280732459901,156.01191033944372,1.7933445584445065,49.224372669000765,0.0,20.0,1.7933445584445065,69.22437266900076,0.0,19.999999999999993,-1.4128438010629907e-06,20.00005703368905,-1.4128438010629907e-06,20.000119994467067,-1.7933390944642724,-129.10065923986704,1.7933376816204714,149.1007162735561
CYEG,20,18,2553.280732459901,156.01191033944372,1.7933445584445065,49.224372669000765,1.0,-20.0,2.793344558444495,29.224372669000765,0.9999999999999885,-20.0,0.9999999945299578,24.568236276210385,0.9999999945299578,-19.999444445007533,-1.7933390944642724,-129.10065923986704,2.7933390889942302,153.66889551607744
CYEG,20,18,2553.280732459901,156.01191033944372,1.7933445584445065,49.224372669000765,1.0,-10.0,2.793344558444495,39.224372669000765,0.9999999999999885,-10.0,1.000002061697586,34.5682203855032,1.000002061697586,-9.99955248329416,-1.7933390944642724,-129.10065923986704,2.7933411561618584,163.66887962537024
CYEG,20,18,2553.280732459901,156.01191033944372,1.7933445584445065,49.224372669000765,1.0,0.0,2.793344558444495,49.224372669000765,0.9999999999999885,0.0,0.999997409012451,44.56836541516476,0.999997409012451,0.0007999478702700458,-1.7933390944642724,-129.10065923986704,2.7933365034767235,173.66902465503182
CYEG,20,18,2553.280732459901,156.01191033944372,1.7933445584445065,49.224372669000765,1.0,10.0,2.793344558444495,59.224372669000765,0.9999999999999885,10.0,0.9999982455292411,54.56834602210073,0.9999982455292411,10.000743265620706,-1.7933390944642724,-129.10065923986704,2.7933373399935135,183.66900526196775
CYEG,20,18,2553.280732459901,156.01191033944372,1.7933445584445065,49.224372669000765,1.0,20.0,2.793344558444495,69.22437266900076,0.9999999999999885,19.999999999999993,1.0000035339608644,64.56833383030715,1.0000035339608644,20.000495332822645,-1.7933390944642724,-129.10065923986704,2.793342628425137,193.6689930701742
CYEG,20,18,2553.280732459901,156.01191033944372,1.7933445584445065,49.224372669000765,2.0,-20.0,3.7933445584445353,29.224372669000765,2.000000000000029,-20.0,2.0000186397755897,69.13804596431656,2.0000186397755897,-20.025313601805337,-1.7933390944642724,-129.10065923986704,3.793357734239862,198.2387052041836
CYEG,20,18,2553.280732459901,156.01191033944372,1.7933445584445065,49.224372669000765,2.0,-10.0,3.7933445584445353,39.224372669000765,2.000000000000029,-10.0,2.000012712400803,79.13810194820783,2.000012712400803,-10.024993153273357,-1.7933390944642724,-129.10065923986704,3.7933518068650756,208.23876118807488
CYEG,20,18,2553.280732459901,156.01191033944372,1.7933445584445065,49.224372669000765,2.0,0.0,3.7933445584445353,49.224372669000765,2.000000000000029,0.0,2.0000098031786138,89.13807771472038,2.0000098031786138,-0.024887584542355512,-1.7933390944642724,-129.10065923986704,3.793348897642886,218.2387369545874
CYEG,20,18,2553.280732459901,156.01191033944372,1.7933445584445065,49.224372669000765,2.0,10.0,3.7933445584445353,59.224372669000765,2.000000000000029,10.0,2.0000090874746945,99.13802614823473,2.0000090874746945,9.975092781890908,-1.7933390944642724,-129.10065923986704,3.793348181938967,228.23868538810177
CYEG,20,18,2553.280732459901,156.01191033944372,1.7933445584445065,49.224372669000765,2.0,20.0,3.7933445584445353,69.22437266900076,2.000000000000029,19.999999999999993,2.000010950570868,109.13835642659424,2.000010950570868,19.975339933558686,-1.7933390944642724,-129.10065923986704,3.7933500450351403,238.23901566646128
CYEG,20,19,2512.8361069744237,149.00899633944368,5.658543558444544,58.95839758382066,-2.0,-20.0,3.6585435584445154,38.95839758382066,-2.0000000000000284,-20.0,-1.9999746424959426,-107.65636498762203,-1.9999746424959426,-19.9073079923254,-5.658406982876585,-306.39149830556835,3.6584323403806422,198.73513331794632
CYEG,20,19,2512.8361069744237,149.00899633944368,5.658543558444544,58.95839758382066,-2.0,-10.0,3.6585435584445154,48.95839758382066,-2.0000000000000284,-10.0,-1.999983603259892,-97.65620936844141,-1.999983603259892,-9.906758899326675,-5.658406982876585,-306.39149830556835,3.6584233796166927,208.73528893712694
CYEG,20,19,2512.8361069744237,149.00899633944368,5.658543558444544,58.95839758382066,-2.0,0.0,3.6585435584445154,58.95839758382066,-2.0000000000000284,0.0,-1.999970992364922,-87.65638215878454,-1.999970992364922,0.09251455654197116,-5.658406982876585,-306.39149830556835,3.658435990511663,218.7351161467838
CYEG,20,19,2512.8361069744237,149.00899633944368,5.658543558444544,58.95839758382066,-2.0,10.0,3.6585435584445154,68.95839758382067,-2.0000000000000284,10.000000000000007,-1.999984633378233,-77.65630062428733,-1.999984633378233,10.093195078091156,-5.658406982876585,-306.39149830556835,3.658422349498352,228.73519768128102
CYEG,20,19,2512.8361069744237,149.00899633944368,5.658543558444544,58.95839758382066,-2.0,20.0,3.6585435584445154,78.95839758382067,-2.0000000000000284,20.000000000000007,-1.9999988977421026,-67.65646146144553,-1.9999988977421026,20.093660599782737,-5.658406982876585,-306.39149830556835,3.6584080851344822,238.73503684412282
CYEG,20,19,2512.8361069744237,149.00899633944368,5.658543558444544,58.95839758382066,-1.0,-20.0,4.658543558444505,38.95839758382066,-1.000000000000039,-20.0,-0.9999914978456559,-63.84494904194412,-0.9999914978456559,-19.983604635568753,-5.658406982876585,-306.39149830556835,4.658415485030929,242.54654926362423
CYEG,20,19,2512.8361069744237,149.00899633944368,5.658543558444544,58.95839758382066,-1.0,-10.0,4.658543558444505,48.95839758382066,-1.000000000000039,-10.0,-0.9999934633057421,-53.84476411682088,-0.9999934633057421,-9.983333484481491,-5.658406982876585,-306.39149830556835,4.658413519570843,252.54673418874745
CYEG,20,19,2512.8361069744237,149.00899633944368,5.658543558444544,58.95839758382066,-1.0,0.0,4.658543558444505,58.95839758382066,-1.000000000000039,0.0,-0.9999978590275305,-43.84479991691992,-0.9999978590275305,0.016823558485668855,-5.658406982876585,-306.39149830556835,4.658409123849054,262.54669838864845
CYEG,20,19,2512.8361069744237,149.00899633944368,5.658543558444544,58.95839758382066,-1.0,10.0,4.658543558444505,68.95839758382067,-1.000000000000039,10.000000000000007,-0.999991682312185,-33.844645288519224,-0.999991682312185,10.016707210518227,-5.658406982876585,-306.39149830556835,4.6584153005644,272.5468530170491
CYEG,20,19,2512.8361069744237,149.00899633944368,5.658543558444544,58.95839758382066,-1.0,20.0,4.658543558444505,78.95839758382067,-1.000000000000039,20.000000000000007,-1.000005587636167,-23.844631243097627,-1.000005587636167,20.017331291207544,-5.658406982876585,-306.39149830556835,4.658401395240418,282.5468670624707
CYEG,20,19,2512.8361069744237,149.00899633944368,5.658543558444544,58.95839758382066,0.0,-20.0,5.658543558444544,38.95839758382066,0.0,-20.0,3.611540137171687e-06,-20.000028659436158,3.611540137171687e-06,-20.000187051704064,-5.658406982876585,-306.39149830556835,5.658410594416722,286.3914696461322
CYEG,20,19,2512.8361069744237,149.00899633944368,5.658543558444544,58.95839758382066,0.0,-10.0,5.658543558444544,48.95839758382066,0.0,-10.0,-1.7498634861112805e-06,-9.999958275594027,-1.7498634861112805e-06,-9.9998815313698,-5.658406982876585,-306.39149830556835,5.658405233013099,296.3915400299743
CYEG,20,19,2512.8361069744237,149.00899633944368,5.658543558444544,58.95839758382066,0.0,0.0,5.658543558444544,58.95839758382066,0.0,0.0,-2.2026952706255543e-07,3.573723866523437e-05,-2.2026952706255543e-07,4.539765738320623e-05,-5.658406982876585,-306.39149830556835,5.658406762607058,306.391534042807
CYEG,20,19,2512.8361069744237,149.00899633944368,5.658543558444544,58.95839758382066,0.0,10.0,5.658543558444544,68.95839758382067,0.0,10.000000000000007,-8.622492373433488e-07,10.000065749968925,-8.622492373433488e-07,10.000103565861043,-5.658406982876585,-306.39149830556835,5.6584061206273475,316.3915640555373
CYEG,20,19,2512.8361069744237,149.00899633944368,5.658543558444544,58.95839758382066,0.0,20.0,5.658543558444544,78.95839758382067,0.0,20.000000000000007,-8.952466146183724e-07,20.000045919543656,-8.952466146183724e-07,20.000085182610448,-5.658406982876585,-306.39149830556835,5.65840608762997,326.391544225112
CYEG,20,19,2512.8361069744237,149.00899633944368,5.658543558444544,58.95839758382066,1.0,-20.0,6.658543558444531,38.95839758382066,0.9999999999999876,-20.0,1.0000103013609873,23.863946192749847,1.0000103013609873,-19.998223135615117,-5.658406982876585,-306.39149830556835,6.658417284237572,330.2554444983182
CYEG,20,19,2512.8361069744237,149.00899633944368,5.658543558444544,58.95839758382066,1.0,-10.0,6.658543558444531,48.95839758382066,0.9999999999999876,-10.0,1.0000010928324627,33.863712775319335,1.0000010928324627,-9.998052569133051,-5.658406982876585,-306.39149830556835,6.658408075709048,340.2552110808877
CYEG,20,19,2512.8361069744237,149.00899633944368,5.658543558444544,58.95839758382066,1.0,0.0,6.658543558444531,58.95839758382066,0.9999999999999876,0.0,1.0000069160899727,43.863906586091076,1.0000069160899727,0.0018857716855720241,-5.658406982876585,-306.39149830556835,6.6584138989665576,350.2554048916594
CYEG,20,19,2512.8361069744237,149.00899633944368,5.658543558444544,58.95839758382066,1.0,10.0,6.658543558444531,68.95839758382067,0.9999999999999876,10.000000000000007,1.0000004725094982,53.863644886450544,1.0000004725094982,10.00190675595497,-5.658406982876585,-306.39149830556835,6.658407455386083,360.25514319201886
CYEG,20,19,2512.8361069744237,149.00899633944368,5.658543558444544,58.95839758382066,1.0,20.0,6.658543558444531,78.95839758382067,0.9999999999999876,20.000000000000007,1.0000093389986375,63.86379375345866,1.0000093389986375,20.001666644532698,-5.658406982876585,-306.39149830556835,6.658416321875222,370.255292059027
CYEG,20,19,2512.8361069744237,149.00899633944368,5.658543558444544,58.95839758382066,2.0,-20.0,7.658543558444521,38.95839758382066,1.999999999999977,-20.0,2.000003043947089,67.73271674185419,2.000003043947089,-20.017587382327548,-5.658406982876585,-306.39149830556835,7.658410026823674,374.1242150474225
CYEG,20,19,2512.8361069744237,149.00899633944368,5.658543558444544,58.95839758382066,2.0,-10.0,7.658543558444521,48.95839758382066,1.999999999999977,-10.0,2.0000281226486436,77.73301245304474,2.0000281226486436,-10.018392895647239,-5.658406982876585,-306.39149830556835,7.658435105525228,384.1245107586131
CYEG,20,19,2512.8361069744237,149.00899633944368,5.658543558444544,58.95839758382066,2.0,0.0,7.658543558444521,58.95839758382066,1.999999999999977,0.0,2.000010974920599,87.7324001138165,2.000010974920599,-0.01825226533007651,-5.658406982876585,-306.39149830556835,7.658417957797184,394.12389841938483
CYEG,20,19,2512.8361069744237,149.00899633944368,5.658543558444544,58.95839758382066,2.0,10.0,7.658543558444521,68.95839758382067,1.999999999999977,10.000000000000007,2.0000187869223396,97.73224759065701,2.0000187869223396,9.98125218068148,-5.658406982876585,-306.39149830556835,7.658425769798924,404.1237458962254
CYEG,20,19,2512.8361069744237,149.00899633944368,5.658543558444544,58.95839758382066,2.0,20.0,7.658543558444521,78.95839758382067,1.999999999999977,20.000000000000007,2.0000302854823815,107.73258784740729,2.0000302854823815,19.981087527069405,-5.658406982876585,-306.39149830556835,7.658437268358966,414.1240861529756
CYEG,20,20,2412.647508360402,138.98791033944372,10.980126558444493,-137.32304436222265,-2.0,-20.0,8.980126558444512,-157.32304436222265,-1.9999999999999805,-20.0,-2.000059053906625,-104.28168105039309,-2.000059053906625,-20.027683833748654,-10.981265372512922,-324.67415082092145,8.981206318606297,220.39246977052835
CYEG,20,20,2412.647508360402,138.98791033944372,10.980126558444493,-137.32304436222265,-2.0,-10.0,8.980126558444512,-147.32304436222265,-1.9999999999999805,-10.0,-2.000042364838265,-94.2823865535619,-2.000042364838265,-10.029092947958205,-10.981265372512922,-324.67415082092145,8.981223007674657,230.39176426735955
CYEG,20,20,2412.647508360402,138.98791033944372,10.980126558444493,-137.32304436222265,-2.0,0.0,8.980126558444512,-137.32304436222265,-1.9999999999999805,0.0,-2.0000281041076278,-84.28213406310161,-2.0000281041076278,-0.029441689820785655,-10.981265372512922,-324.67415082092145,8.981237268405295,240.39201675781985
CYEG,20,20,2412.647508360402,138.98791033944372,10.980126558444493,-137.32304436222265,-2.0,10.0,8.980126558444512,-127.32304436222265,-1.9999999999999805,10.0,-2.0000531789219167,-74.28184386727524,-2.0000531789219167,9.971905660040875,-10.981265372512922,-324.67415082092145,8.981212193591006,250.3923069536462
CYEG,20,20,2412.647508360402,138.98791033944372,10.980126558444493,-137.32304436222265,-2.0,20.0,8.980126558444512,-117.32304436222265,-1.9999999999999805,20.0,-2.000035173684438,-64.28195831444697,-2.000035173684438,19.971032112150795,-10.981265372512922,-324.67415082092145,8.981230198828484,260.3921925064745
CYEG,20,20,2412.647508360402,138.98791033944372,10.980126558444493,-137.32304436222265,-1.0,-20.0,9.9801265584445,-157.32304436222265,-0.9999999999999929,-20.0,-1.0000047636734735,-62.12550647698621,-1.0000047636734735,-20.012386916712273,-10.981265372512922,-324.67415082092145,9.981260608839449,262.5486443439352
CYEG,20,20,2412.647508360402,138.98791033944372,10.980126558444493,-137.32304436222265,-1.0,-10.0,9.9801265584445,-147.32304436222265,-0.9999999999999929,-10.0,-1.0000045325201086,-52.12563549347719,-1.0000045325201086,-10.012525669723338,-10.981265372512922,-324.67415082092145,9.981260839992814,272.54851532744425
CYEG,20,20,2412.647508360402,138.98791033944372,10.980126558444493,-137.32304436222265,-1.0,0.0,9.9801265584445,-137.32304436222265,-0.9999999999999929,0.0,-1.0000093750479095,-42.12582278978584,-1.0000093750479095,-0.012508991630291177,-10.981265372512922,-324.67415082092145,9.981255997465013,282.5483280311356
CYEG,20,20,2412.647508360402,138.98791033944372,10.980126558444493,-137.32304436222265,-1.0,10.0,9.9801265584445,-127.32304436222265,-0.9999999999999929,10.0,-0.9999997409006482,-32.125611656751495,-0.9999997409006482,9.987296336935529,-10.981265372512922,-324.67415082092145,9.981265631612274,292.54853916416994
CYEG,20,20,2412.647508360402,138.98791033944372,10.980126558444493,-137.32304436222265,-1.0,20.0,9.9801265584445,-117.32304436222265,-0.9999999999999929,20.0,-1.0000180537012398,-22.125671990572144,-1.0000180537012398,19.98800736524268,-10.981265372512922,-324.67415082092145,9.981247318811683,302.5484788303493
CYEG,20,20,2412.647508360402,138.98791033944372,10.980126558444493,-137.32304436222265,0.0,-20.0,10.980126558444493,-157.32304436222265,0.0,-20.0,4.247157988856998e-06,-19.9998692653571,4.247157988856998e-06,-20.000048107415388,-10.981265372512922,-324.67415082092145,10.981269619670911,304.67428155556433
CYEG,20,20,2412.647508360402,138.98791033944372,10.980126558444493,-137.32304436222265,0.0,-10.0,10.980126558444493,-147.32304436222265,0.0,-10.0,-4.957601049682125e-07,-9.999970062465747,-4.957601049682125e-07,-9.999949186680617,-10.981265372512922,-324.67415082092145,10.981264876752817,314.6741807584557
CYEG,20,20,2412.647508360402,138.98791033944372,10.980126558444493,-137.32304436222265,0.0,0.0,10.980126558444493,-137.32304436222265,0.0,0.0,3.4504444670346857e-06,0.0001726111159054966,3.4504444670346857e-06,2.73175826492399e-05,-10.981265372512922,-324.67415082092145,10.98126882295739,324.67432343203734
CYEG,20,20,2412.647508360402,138.98791033944372,10.980126558444493,-137.32304436222265,0.0,10.0,10.980126558444493,-127.32304436222265,0.0,10.0,1.603698649432772e-07,10.00024260724824,1.603698649432772e-07,10.000235854290894,-10.981265372512922,-324.67415082092145,10.981265532882787,334.6743934281697
CYEG,20,20,2412.647508360402,138.98791033944372,10.980126558444493,-137.32304436222265,0.0,20.0,10.980126558444493,-117.32304436222265,0.0,20.0,1.6483599551975203e-06,20.000026844258443,1.6483599551975203e-06,19.99995743405803,-10.981265372512922,-324.67415082092145,10.981267020872878,344.6741776651799
CYEG,20,20,2412.647508360402,138.98791033944372,10.980126558444493,-137.32304436222265,1.0,-20.0,11.98012655844448,-157.32304436222265,0.9999999999999876,-20.0,0.9999969213544659,22.081454292347388,0.9999969213544659,-20.031334937903218,-10.981265372512922,-324.67415082092145,11.981262293867388,346.75560511326887
CYEG,20,20,2412.647508360402,138.98791033944372,10.980126558444493,-137.32304436222265,1.0,-10.0,11.98012655844448,-147.32304436222265,0.9999999999999876,-10.0,0.9999889897374601,32.08148759502928,0.9999889897374601,-10.030967543836411,-10.981265372512922,-324.67415082092145,11.981254362250382,356.7556384159507
CYEG,20,20,2412.647508360402,138.98791033944372,10.980126558444493,-137.32304436222265,1.0,0.0,11.98012655844448,-137.32304436222265,0.9999999999999876,0.0,0.9999818100046127,42.08150633354888,0.9999818100046127,-0.030646384400945692,-10.981265372512922,-324.67415082092145,11.981247182517535,366.7556571544703
CYEG,20,20,2412.647508360402,138.98791033944372,10.980126558444493,-137.32304436222265,1.0,10.0,11.98012655844448,-127.32304436222265,0.9999999999999876,10.0,0.9999981074058439,52.08152238864593,0.9999981074058439,9.968683200165088,-10.981265372512922,-324.67415082092145,11.981263479918766,376.75567320956736
CYEG,20,20,2412.647508360402,138.98791033944372,10.980126558444493,-137.32304436222265,1.0,20.0,11.98012655844448,-117.32304436222265,0.9999999999999876,20.0,0.999993500433277,62.0815517438481,0.999993500433277,19.968906607834334,-10.981265372512922,-324.67415082092145,11.9812588729462,386.75570256476954
CYEG,20,20,2412.647508360402,138.98791033944372,10.980126558444493,-137.32304436222265,2.0,-20.0,12.980126558444523,-157.32304436222265,2.00000000000003,-20.0,1.9999775903920067,64.10532005551502,1.9999775903920067,-20.145242659885554,-10.981265372512922,-324.67415082092145,12.981242962904929,388.77947087643645
CYEG,20,20,2412.647508360402,138.98791033944372,10.980126558444493,-137.32304436222265,2.0,-10.0,12.980126558444523,-147.32304436222265,2.00000000000003,-10.0,1.9999677458200722,74.10541243744079,1.9999677458200722,-10.144735230894469,-10.981265372512922,-324.67415082092145,12.981233118332995,398.77956325836226
CYEG,20,20,2412.647508360402,138.98791033944372,10.980126558444493,-137.32304436222265,2.0,0.0,12.980126558444523,-137.32304436222265,2.00000000000003,0.0,1.9999585425603925,84.10465210525314,1.9999585425603925,-0.1451075537402886,-10.981265372512922,-324.67415082092145,12.981223915073315,408.7788029261746
CYEG,20,20,2412.647508360402,138.98791033944372,10.980126558444493,-137.32304436222265,2.0,10.0,12.980126558444523,-127.32304436222265,2.00000000000003,10.0,1.9999955106279685,94.10536412875388,1.9999955106279685,9.854045896351536,-10.981265372512922,-324.67415082092145,12.98126088314089,418.77951494967533
CYEG,20,20,2412.647508360402,138.98791033944372,10.980126558444493,-137.32304436222265,2.0,20.0,12.980126558444523,-117.32304436222265,2.00000000000003,20.0,1.9999303786124472,104.10532512255722,1.9999303786124472,19.85675285531819,-10.981265372512922,-324.67415082092145,12.98119575112537,428.7794759434787
CYEG,20,21,2293.3833137070255,166.5032253394437,1.2484985584445132,2.116865623602407,-2.0,-20.0,-0.751501441555515,-17.883134376397592,-2.0000000000000284,-20.0,-1.9999976264490726,-100.03544429217109,-1.9999976264490726,-19.94882936017997,-1.248492872545313,-52.08572157981855,-0.7515047539037596,-47.94972271235254
CYEG,20,21,2293.3833137070255,166.5032253394437,1.2484985584445132,2.116865623602407,-2.0,-10.0,-0.751501441555515,-7.883134376397593,-2.0000000000000284,-10.0,-2.000001031511715,-90.03563912547003,-2.000001031511715,-9.948887732524739,-1.248492872545313,-52.08572157981855,-0.7515081589664021,-37.94991754565147
CYEG,20,21,2293.3833137070255,166.5032253394437,1.2484985584445132,2.116865623602407,-2.0,0.0,-0.751501441555515,2.116865623602407,-2.0000000000000284,0.0,-2.0000107541099226,-80.03538167359972,-2.0000107541099226,0.05175936123427505,-1.248492872545313,-52.08572157981855,-0.7515178815646095,-27.949660093781162
CYEG,20,21,2293.3833137070255,166.5032253394437,1.2484985584445132,2.116865623602407,-2.0,10.0,-0.751501441555515,12.116865623602408,-2.0000000000000284,10.0,-2.0000021947387836,-70.03549820470427,-2.0000021947387836,10.051299805614278,-1.248492872545313,-52.08572157981855,-0.7515093221934706,-17.949776624885715
CYEG,20,21,2293.3833137070255,166.5032253394437,1.2484985584445132,2.116865623602407,-2.0,20.0,-0.751501441555515,22.116865623602408,-2.0000000000000284,20.0,-1.9999919675139495,-60.03544923389272,-1.9999919675139495,20.050938911174512,-1.248492872545313,-52.08572157981855,-0.7514990949686364,-7.949727654074167
CYEG,20,21,2293.3833137070255,166.5032253394437,1.2484985584445132,2.116865623602407,-1.0,-20.0,0.24849855844452448,-17.883134376397592,-0.9999999999999887,-20.0,-0.9999979246732948,-60.02453258948754,-0.9999979246732948,-19.993461038038518,-1.248492872545313,-52.08572157981855,0.2484949478720182,-7.938811009668989
CYEG,20,21,2293.3833137070255,166.5032253394437,1.2484985584445132,2.116865623602407,-1.0,-10.0,0.24849855844452448,-7.883134376397593,-0.9999999999999887,-10.0,-1.0000032273528063,-50.024468196989424,-1.0000032273528063,-9.993184330042723,-1.248492872545313,-52.08572157981855,0.24848964519250671,2.061253382829129
CYEG,20,21,2293.3833137070255,166.5032253394437,1.2484985584445132,2.116865623602407,-1.0,0.0,0.24849855844452448,2.116865623602407,-0.9999999999999887,0.0,-0.9999991095283463,-40.02445149573689,-0.9999991095283463,0.006667496461489009,-1.248492872545313,-52.08572157981855,0.2484937630169668,12.061270084081663
CYEG,20,21,2293.3833137070255,166.5032253394437,1.2484985584445132,2.116865623602407,-1.0,10.0,0.24849855844452448,12.116865623602408,-0.9999999999999887,10.0,-0.9999987326953317,-30.024632525229254,-0.9999987326953317,10.006471378844576,-1.248492872545313,-52.08572157981855,0.24849413984998137,22.0610890545893
CYEG,20,21,2293.3833137070255,166.5032253394437,1.2484985584445132,2.116865623602407,-1.0,20.0,0.24849855844452448,22.116865623602408,-0.9999999999999887,20.0,-1.0000062638794134,-20.024498171479582,-1.0000062638794134,20.00690727582249,-1.248492872545313,-52.08572157981855,0.24848660866589967,32.061223408338975
CYEG,20,21,2293.3833137070255,166.5032253394437,1.2484985584445132,2.116865623602407,0.0,-20.0,1.2484985584445132,-17.883134376397592,0.0,-20.0,4.498485282056208e-07,-20.000030796829822,4.498485282056208e-07,-20.000048802957274,-1.248492872545313,-52.08572157981855,1.2484933223938413,32.085690782988735
CYEG,20,21,2293.3833137070255,166.5032253394437,1.2484985584445132,2.116865623602407,0.0,-10.0,1.2484985584445132,-7.883134376397593,0.0,-10.0,1.0203464171354426e-06,-9.999872535560101,1.0203464171354426e-06,-9.999913377057801,-1.248492872545313,-52.08572157981855,1.2484938928917302,42.08584904425845
CYEG,20,21,2293.3833137070255,166.5032253394437,1.2484985584445132,2.116865623602407,0.0,0.0,1.2484985584445132,2.116865623602407,0.0,0.0,4.069592563382685e-06,0.00013360956951125047,4.069592563382685e-06,-2.9284377613023044e-05,-1.248492872545313,-52.08572157981855,1.2484969421378764,52.08585518938806
CYEG,20,21,2293.3833137070255,166.5032253394437,1.2484985584445132,2.116865623602407,0.0,10.0,1.2484985584445132,12.116865623602408,0.0,10.0,1.82410576599068e-06,9.999946843353957,1.82410576599068e-06,9.999873829708594,-1.248492872545313,-52.08572157981855,1.248494696651079,62.08566842317251
CYEG,20,21,2293.3833137070255,166.5032253394437,1.2484985584445132,2.116865623602407,0.0,20.0,1.2484985584445132,22.116865623602408,0.0,20.0,3.90960479990099e-06,20.000094054129022,3.90960479990099e-06,19.999937564026478,-1.248492872545313,-52.08572157981855,1.248496782150113,72.08581563394758
CYEG,20,21,2293.3833137070255,166.5032253394437,1.2484985584445132,2.116865623602407,1.0,-20.0,2.2484985584445014,-17.883134376397592,0.9999999999999882,-20.0,0.9999966580420505,20.025193185688295,0.9999966580420505,-20.0058276507511,-1.248492872545313,-52.08572157981855,2.2484895305873636,72.11091476550685
CYEG,20,21,2293.3833137070255,166.5032253394437,1.2484985584445132,2.116865623602407,1.0,-10.0,2.2484985584445014,-7.883134376397593,0.9999999999999882,-10.0,0.9999997251474895,30.025165602277877,0.9999997251474895,-10.005978038870982,-1.248492872545313,-52.08572157981855,2.2484925976928025,82.11088718209643
CYEG,20,21,2293.3833137070255,166.5032253394437,1.2484985584445132,2.116865623602407,1.0,0.0,2.2484985584445014,2.116865623602407,0.9999999999999882,0.0,1.000003186242111,40.025232310952525,1.000003186242111,-0.006049909951315158,-1.248492872545313,-52.08572157981855,2.248496058787424,92.11095389077107
CYEG,20,21,2293.3833137070255,166.5032253394437,1.2484985584445132,2.116865623602407,1.0,10.0,2.2484985584445014,12.116865623602408,0.9999999999999882,10.0,0.9999983575145563,50.02538734397383,0.9999983575145563,9.994298461870088,-1.248492872545313,-52.08572157981855,2.2484912300598694,102.11110892379239
CYEG,20,21,2293.3833137070255,166.5032253394437,1.2484985584445132,2.116865623602407,1.0,20.0,2.2484985584445014,22.116865623602408,0.9999999999999882,20.0,0.9999985849697453,60.02533414866292,0.9999985849697453,19.994236159415983,-1.248492872545313,-52.08572157981855,2.2484914575150583,112.11105572848147
CYEG,20,21,2293.3833137070255,166.5032253394437,1.2484985584445132,2.116865623602407,2.0,-20.0,3.2484985584444908,-17.883134376397592,1.9999999999999776,-20.0,2.0000110441896766,60.03854799487945,2.0000110441896766,-20.048604665162287,-1.248492872545313,-52.08572157981855,3.2485039167349896,112.124269574698
CYEG,20,21,2293.3833137070255,166.5032253394437,1.2484985584445132,2.116865623602407,2.0,-10.0,3.2484985584444908,-7.883134376397593,1.9999999999999776,-10.0,2.0000055133010335,70.03831048144741,2.0000055133010335,-10.048620523244864,-1.248492872545313,-52.08572157981855,3.2484983858463465,122.12403206126596
CYEG,20,21,2293.3833137070255,166.5032253394437,1.2484985584445132,2.116865623602407,2.0,0.0,3.2484985584444908,2.116865623602407,1.9999999999999776,0.0,2.0000053038256738,80.0385296079034,2.0000053038256738,-0.04839300187499873,-1.248492872545313,-52.08572157981855,3.248498176370987,132.12425118772194
CYEG,20,21,2293.3833137070255,166.5032253394437,1.2484985584445132,2.116865623602407,2.0,10.0,3.2484985584444908,12.116865623602408,1.9999999999999776,10.0,1.9999956432278623,90.03839792893493,1.9999956432278623,9.951862476320912,-1.248492872545313,-52.08572157981855,3.2484885157731753,142.1241195087535
CYEG,20,21,2293.3833137070255,166.5032253394437,1.2484985584445132,2.116865623602407,2.0,20.0,3.2484985584444908,22.116865623602408,1.9999999999999776,20.0,2.000012154396927,100.03840800877427,2.000012154396927,19.95121085617572,-1.248492872545313,-52.08572157981855,3.24850502694224,152.12412958859284
CYEG,20,22,1737.6621024137887,98.78111733944365,-2.1003854415554963,16.77431782540574,-2.0,-20.0,-4.100385441555473,-3.2256821745942617,-1.999999999999977,-20.0,-1.9999836360072436,-80.6311981665104,-1.9999836360072436,-19.951197324713313,2.100408142541312,46.92243585756967,-4.1003917785485555,-127.55363402408007
CYEG,20,22,1737.6621024137887,98.78111733944365,-2.1003854415554963,16.77431782540574,-2.0,-10.0,-4.100385441555473,6.774317825405738,-1.999999999999977,-10.0,-1.9999739068175018,-70.63089078424242,-1.9999739068175018,-9.951185368395628,2.100408142541312,46.92243585756967,-4.100382049358814,-117.55332664181209
CYEG,20,22,1737.6621024137887,98.78111733944365,-2.1003854415554963,16.77431782540574,-2.0,0.0,-4.100385441555473,16.77431782540574,-1.999999999999977,0.0,-1.999991210524712,-60.63145423482491,-1.999991210524712,0.04877660649979276,2.100408142541312,46.92243585756967,-4.100399353066024,-107.55389009239457
CYEG,20,22,1737.6621024137887,98.78111733944365,-2.1003854415554963,16.77431782540574,-2.0,10.0,-4.100385441555473,26.77431782540574,-1.999999999999977,10.0,-1.9999875957002757,-50.63136748312727,-1.9999875957002757,10.048753594384998,2.100408142541312,46.92243585756967,-4.100395738241588,-97.55380334069693
CYEG,20,22,1737.6621024137887,98.78111733944365,-2.1003854415554963,16.77431782540574,-2.0,20.0,-4.100385441555473,36.77431782540574,-1.999999999999977,20.0,-1.9999890686589197,-40.63130893879861,-1.9999890686589197,20.04885686496771,2.100408142541312,46.92243585756967,-4.100397211200232,-87.55374479636828
CYEG,20,22,1737.6621024137887,98.78111733944365,-2.1003854415554963,16.77431782540574,-1.0,-20.0,-3.100385441555486,-3.2256821745942617,-0.9999999999999898,-20.0,-0.9999926937078953,-50.323287838797626,-0.9999926937078953,-19.992504670052426,2.100408142541312,46.92243585756967,-3.1004008362492073,-97.24572369636729
CYEG,20,22,1737.6621024137887,98.78111733944365,-2.1003854415554963,16.77431782540574,-1.0,-10.0,-3.100385441555486,6.774317825405738,-0.9999999999999898,-10.0,-1.0000024907143086,-40.323264656277296,-1.0000024907143086,-9.992184274129873,2.100408142541312,46.92243585756967,-3.1004106332556205,-87.24570051384697
CYEG,20,22,1737.6621024137887,98.78111733944365,-2.1003854415554963,16.77431782540574,-1.0,0.0,-3.100385441555486,16.77431782540574,-0.9999999999999898,0.0,-0.9999968735661469,-30.323297810585668,-0.9999968735661469,0.007612163209689271,2.100408142541312,46.92243585756967,-3.1004050161074588,-77.24573366815534
CYEG,20,22,1737.6621024137887,98.78111733944365,-2.1003854415554963,16.77431782540574,-1.0,10.0,-3.100385441555486,26.77431782540574,-0.9999999999999898,10.0,-0.9999994929478646,-20.323369154835706,-0.9999994929478646,10.007620283575623,2.100408142541312,46.92243585756967,-3.1004076354891765,-67.24580501240537
CYEG,20,22,1737.6621024137887,98.78111733944365,-2.1003854415554963,16.77431782540574,-1.0,20.0,-3.100385441555486,36.77431782540574,-0.9999999999999898,20.0,-0.9999978099384066,-10.323307956329614,-0.9999978099384066,20.00763042434569,2.100408142541312,46.92243585756967,-3.1004059524797185,-57.24574381389928
CYEG,20,22,1737.6621024137887,98.78111733944365,-2.1003854415554963,16.77431782540574,0.0,-20.0,-2.1003854415554963,-3.2256821745942617,0.0,-20.0,8.042482306791499e-07,-19.999953373510582,8.042482306791499e-07,-19.999977764690584,2.100408142541312,46.92243585756967,-2.1004073382930812,-66.92238923108025
CYEG,20,22,1737.6621024137887,98.78111733944365,-2.1003854415554963,16.77431782540574,0.0,-10.0,-2.1003854415554963,6.774317825405738,0.0,-10.0,-2.385944497973469e-06,-9.999991744690977,-2.385944497973469e-06,-9.99991938394525,2.100408142541312,46.92243585756967,-2.10041052848581,-56.92242760226064
CYEG,20,22,1737.6621024137887,98.78111733944365,-2.1003854415554963,16.77431782540574,0.0,0.0,-2.1003854415554963,16.77431782540574,0.0,0.0,-9.39556969115074e-07,1.1677005291588216e-05,-9.39556969115074e-07,4.017181855994158e-05,2.100408142541312,46.92243585756967,-2.100409082098281,-46.92242418056438
CYEG,20,22,1737.6621024137887,98.78111733944365,-2.1003854415554963,16.77431782540574,0.0,10.0,-2.1003854415554963,26.77431782540574,0.0,10.0,2.1290370000315306e-07,10.000036503278965,2.1290370000315306e-07,10.000030046351524,2.100408142541312,46.92243585756967,-2.100407929637612,-36.922399354290704
CYEG,20,22,1737.6621024137887,98.78111733944365,-2.1003854415554963,16.77431782540574,0.0,20.0,-2.1003854415554963,36.77431782540574,0.0,20.0,1.0727299013524316e-06,20.00010302687361,1.0727299013524316e-06,20.000070493201644,2.100408142541312,46.92243585756967,-2.1004070698114106,-26.922332830696057
CYEG,20,22,1737.6621024137887,98.78111733944365,-2.1003854415554963,16.77431782540574,1.0,-20.0,-1.100385441555508,-3.2256821745942617,0.9999999999999882,-20.0,1.0000010851284458,10.328781757751836,1.0000010851284458,-20.002255982904927,2.100408142541312,46.92243585756967,-1.1004070574128662,-36.59365409981783
CYEG,20,22,1737.6621024137887,98.78111733944365,-2.1003854415554963,16.77431782540574,1.0,-10.0,-1.100385441555508,6.774317825405738,0.9999999999999882,-10.0,1.0000000649834533,20.32887783347597,1.0000000649834533,-10.002128958873548,2.100408142541312,46.92243585756967,-1.1004080775578586,-26.593558024093696
CYEG,20,22,1737.6621024137887,98.78111733944365,-2.1003854415554963,16.77431782540574,1.0,0.0,-1.100385441555508,16.77431782540574,0.9999999999999882,0.0,1.0000092028307108,30.328853740392905,1.0000092028307108,-0.0024302683398111924,2.100408142541312,46.92243585756967,-1.100398939710601,-16.593582117176762
CYEG,20,22,1737.6621024137887,98.78111733944365,-2.1003854415554963,16.77431782540574,1.0,10.0,-1.100385441555508,26.77431782540574,0.9999999999999882,10.0,0.9999990332571826,40.32879478632039,0.9999990332571826,9.99781929362124,2.100408142541312,46.92243585756967,-1.1004091092841293,-6.59364107124928
CYEG,20,22,1737.6621024137887,98.78111733944365,-2.1003854415554963,16.77431782540574,1.0,20.0,-1.100385441555508,36.77431782540574,0.9999999999999882,20.0,1.000004438300266,50.32866438492776,1.000004438300266,19.997524918543153,2.100408142541312,46.92243585756967,-1.100403704241046,3.4062285273580954
CYEG,20,22,1737.6621024137887,98.78111733944365,-2.1003854415554963,16.77431782540574,2.0,-20.0,-0.10038544155551929,-3.2256821745942617,1.9999999999999771,-20.0,2.0000065785258982,40.65320884031963,2.0000065785258982,-20.02748864895691,2.100408142541312,46.92243585756967,-0.10040156401541367,-6.269227017250039
CYEG,20,22,1737.6621024137887,98.78111733944365,-2.1003854415554963,16.77431782540574,2.0,-10.0,-0.10038544155551929,6.774317825405738,1.9999999999999771,-10.0,2.0000044822433267,50.65302621157015,2.0000044822433267,-10.027607624277138,2.100408142541312,46.92243585756967,-0.1004036602979852,3.7305903540004834
CYEG,20,22,1737.6621024137887,98.78111733944365,-2.1003854415554963,16.77431782540574,2.0,0.0,-0.10038544155551929,16.77431782540574,1.9999999999999771,0.0,2.000014822462674,60.653298027792204,2.000014822462674,-0.027649787874878484,2.100408142541312,46.92243585756967,-0.10039332007863777,13.730862170222537
CYEG,20,22,1737.6621024137887,98.78111733944365,-2.1003854415554963,16.77431782540574,2.0,10.0,-0.10038544155551929,26.77431782540574,1.9999999999999771,10.0,2.000014351936329,70.65347582066917,2.000014351936329,9.972542292491838,2.100408142541312,46.92243585756967,-0.10039379060498277,23.731039963099505
CYEG,20,22,1737.6621024137887,98.78111733944365,-2.1003854415554963,16.77431782540574,2.0,20.0,-0.10038544155551929,36.77431782540574,1.9999999999999771,20.0,1.9999965102678061,80.6536677769843,1.9999965102678061,19.97327600944577,2.100408142541312,46.92243585756967,-0.1004116322735058,33.73123191941464
CYEG,20,23,1560.7096372043354,107.37621333944367,3.537538558444493,95.19754457532382,-2.0,-20.0,1.5375385584445158,75.19754457532382,-1.9999999999999771,-20.0,-1.9999596461973113,-74.40255685122494,-1.9999596461973113,-19.90247592557848,-3.537402239423841,-191.29519907989007,1.5374425932265297,116.89264222866512
CYEG,20,23,1560.7096372043354,107.37621333944367,3.537538558444493,95.19754457532382,-2.0,-10.0,1.5375385584445158,85.19754457532382,-1.9999999999999771,-10.0,-1.9999603633050356,-64.40266613974634,-1.9999603633050356,-9.902565656608779,-3.537402239423841,-191.29519907989007,1.5374418761188053,126.89253294014372
CYEG,20,23,1560.7096372043354,107.37621333944367,3.537538558444493,95.19754457532382,-2.0,0.0,1.5375385584445158,95.19754457532382,-1.9999999999999771,0.0,-1.9999439776127872,-54.40265256274219,-1.9999439776127872,0.09700103770769886,-3.537402239423841,-191.29519907989007,1.5374582618110537,136.89254651714788
CYEG,20,23,1560.7096372043354,107.37621333944367,3.537538558444493,95.19754457532382,-2.0,10.0,1.5375385584445158,105.19754457532382,-1.9999999999999771,10.0,-1.9999560969432935,-44.40265703781263,-1.9999560969432935,10.097327089959087,-3.537402239423841,-191.29519907989007,1.5374461424805475,146.89254204207742
CYEG,20,23,1560.7096372043354,107.37621333944367,3.537538558444493,95.19754457532382,-2.0,20.0,1.5375385584445158,115.19754457532382,-1.9999999999999771,20.0,-1.9999623430052225,-34.40280039979967,-1.9999623430052225,20.09735407518253,-3.537402239423841,-191.29519907989007,1.5374398964186184,156.8923986800904
CYEG,20,23,1560.7096372043354,107.37621333944367,3.537538558444493,95.19754457532382,-1.0,-20.0,2.537538558444505,75.19754457532382,-0.999999999999988,-20.0,-0.9999962613020443,-47.22072888948455,-0.9999962613020443,-19.9785427093611,-3.537402239423841,-191.29519907989007,2.5374059781217966,144.07447019040552
CYEG,20,23,1560.7096372043354,107.37621333944367,3.537538558444493,95.19754457532382,-1.0,-10.0,2.537538558444505,85.19754457532382,-0.999999999999988,-10.0,-0.9999916780078877,-37.22086840486077,-0.9999916780078877,-9.978807109516339,-3.537402239423841,-191.29519907989007,2.5374105614159532,154.0743306750293
CYEG,20,23,1560.7096372043354,107.37621333944367,3.537538558444493,95.19754457532382,-1.0,0.0,2.537538558444505,95.19754457532382,-0.999999999999988,0.0,-0.9999893979153285,-27.22093090368397,-0.9999893979153285,0.021068264106549606,-3.537402239423841,-191.29519907989007,2.5374128415085124,164.0742681762061
CYEG,20,23,1560.7096372043354,107.37621333944367,3.537538558444493,95.19754457532382,-1.0,10.0,2.537538558444505,105.19754457532382,-0.999999999999988,10.0,-0.9999974602753525,-17.22084822121685,-0.9999974602753525,10.021370628316813,-3.537402239423841,-191.29519907989007,2.5374047791484884,174.07435085867323
CYEG,20,23,1560.7096372043354,107.37621333944367,3.537538558444493,95.19754457532382,-1.0,20.0,2.537538558444505,115.19754457532382,-0.999999999999988,20.0,-0.999992759056255,-7.220940470738384,-0.999992759056255,20.02115028081848,-3.537402239423841,-191.29519907989007,2.537409480367586,184.07425860915168
CYEG,20,23,1560.7096372043354,107.37621333944367,3.537538558444493,95.19754457532382,0.0,-20.0,3.537538558444493,75.19754457532382,0.0,-20.0,1.4863898343264736e-06,-19.999900123539934,1.4863898343264736e-06,-19.999940612088285,-3.537402239423841,-191.29519907989007,3.5374037258136752,171.29529895635014
CYEG,20,23,1560.7096372043354,107.37621333944367,3.537538558444493,95.19754457532382,0.0,-10.0,3.537538558444493,85.19754457532382,0.0,-10.0,-5.855127369613911e-07,-9.99993271408283,-5.855127369613911e-07,-9.999916764995845,-3.537402239423841,-191.29519907989007,3.537401653911104,181.29526636580724
CYEG,20,23,1560.7096372043354,107.37621333944367,3.537538558444493,95.19754457532382,0.0,0.0,3.537538558444493,95.19754457532382,0.0,0.0,-1.0645502754869085e-06,-9.159922189638792e-07,-1.0645502754869085e-06,2.808184825655648e-05,-3.537402239423841,-191.29519907989007,3.5374011748735654,191.29519816389785
CYEG,20,23,1560.7096372043354,107.37621333944367,3.537538558444493,95.19754457532382,0.0,10.0,3.537538558444493,105.19754457532382,0.0,10.0,2.68715032802902e-06,10.00002207911277,2.68715032802902e-06,9.99994888242273,-3.537402239423841,-191.29519907989007,3.537404926574169,201.29522115900284
CYEG,20,23,1560.7096372043354,107.37621333944367,3.537538558444493,95.19754457532382,0.0,20.0,3.537538558444493,115.19754457532382,0.0,20.0,-7.781723923017125e-07,19.999991500390138,-7.781723923017125e-07,20.00001269743401,-3.537402239423841,-191.29519907989007,3.5374014612514486,211.2951905802802
CYEG,20,23,1560.7096372043354,107.37621333944367,3.537538558444493,95.19754457532382,1.0,-20.0,4.5375385584444805,75.19754457532382,0.9999999999999876,-20.0,1.0000127057054442,7.251428528469866,1.0000127057054442,-19.991205725817657,-3.537402239423841,-191.29519907989007,4.537414945129285,198.54662760835993
CYEG,20,23,1560.7096372043354,107.37621333944367,3.537538558444493,95.19754457532382,1.0,-10.0,4.5375385584444805,85.19754457532382,0.9999999999999876,-10.0,0.9999975864741373,17.251420115504814,0.9999975864741373,-9.990802172670762,-3.537402239423841,-191.29519907989007,4.537399825897978,208.5466191953949
CYEG,20,23,1560.7096372043354,107.37621333944367,3.537538558444493,95.19754457532382,1.0,0.0,4.5375385584444805,95.19754457532382,0.9999999999999876,0.0,1.0000040642169665,27.25144540603767,1.0000040642169665,0.009046613483910448,-3.537402239423841,-191.29519907989007,4.537406303640807,218.54664448592774
CYEG,20,23,1560.7096372043354,107.37621333944367,3.537538558444493,95.19754457532382,1.0,10.0,4.5375385584444805,105.19754457532382,0.9999999999999876,10.0,1.0000023795298887,37.25145978725974,1.0000023795298887,10.009106898758262,-3.537402239423841,-191.29519907989007,4.53740461895373,228.5466588671498
CYEG,20,23,1560.7096372043354,107.37621333944367,3.537538558444493,95.19754457532382,1.0,20.0,4.5375385584444805,115.19754457532382,0.9999999999999876,20.0,1.000010767804099,47.25132635758718,1.000010767804099,20.008744906889312,-3.537402239423841,-191.29519907989007,4.53741300722794,238.54652543747724
CYEG,20,23,1560.7096372043354,107.37621333944367,3.537538558444493,95.19754457532382,2.0,-20.0,5.537538558444522,75.19754457532382,2.0000000000000293,-20.0,2.0000317270365713,34.52471814964823,2.0000317270365713,-19.97732861792901,-3.537402239423841,-191.29519907989007,5.537433966460412,225.8199172295383
CYEG,20,23,1560.7096372043354,107.37621333944367,3.537538558444493,95.19754457532382,2.0,-10.0,5.537538558444522,85.19754457532382,2.0000000000000293,-10.0,2.0000359992991434,44.52463031509245,2.0000359992991434,-9.977532968793163,-3.537402239423841,-191.29519907989007,5.537438238722984,235.81982939498252
CYEG,20,23,1560.7096372043354,107.37621333944367,3.537538558444493,95.19754457532382,2.0,0.0,5.537538558444522,95.19754457532382,2.0000000000000293,0.0,2.0000367839934086,54.5246157079715,2.0000367839934086,0.022431023322788235,-3.537402239423841,-191.29519907989007,5.5374390234172495,245.81981478786156
CYEG,20,23,1560.7096372043354,107.37621333944367,3.537538558444493,95.19754457532382,2.0,10.0,5.537538558444522,105.19754457532382,2.0000000000000293,10.0,2.0000348518442195,64.52439587846504,2.0000348518442195,10.022263888819836,-3.537402239423841,-191.29519907989007,5.53743709126806,255.8195949583551
CYEG,20,23,1560.7096372043354,107.37621333944367,3.537538558444493,95.19754457532382,2.0,20.0,5.537538558444522,115.19754457532382,2.0000000000000293,20.0,2.0000349227424863,74.5243892394846,2.0000349227424863,20.022255316249357,-3.537402239423841,-191.29519907989007,5.537437162166327,265.8195883193747
CYEG,20,24,1320.1128153159796,73.9632833394437,1.9331105584444372,-28.495670935158252,-2.0,-20.0,-0.06688944155553975,-48.49567093515825,-1.999999999999977,-20.0,-2.0000068117600165,-66.08811531741114,-2.0000068117600165,-19.988602854173386,-1.9331311925898262,-16.05111701866244,-0.06687561917019025,-50.0369982987487
CYEG,20,24,1320.1128153159796,73.9632833394437,1.9331105584444372,-28.495670935158252,-2.0,-10.0,-0.06688944155553975,-38.49567093515825,-1.999999999999977,-10.0,-2.000026994024978,-56.0881339125476,-2.000026994024978,-9.988155876499647,-1.9331311925898262,-16.05111701866244,-0.06689580143515172,-40.03701689388516
CYEG,20,24,1320.1128153159796,73.9632833394437,1.9331105584444372,-28.495670935158252,-2.0,0.0,-0.06688944155553975,-28.495670935158252,-1.999999999999977,0.0,-2.00001754935235,-46.08818542723073,-2.00001754935235,0.011574735213145004,-1.9331311925898262,-16.05111701866244,-0.06688635676252375,-30.037068408568288
CYEG,20,24,1320.1128153159796,73.9632833394437,1.9331105584444372,-28.495670935158252,-2.0,10.0,-0.06688944155553975,-18.495670935158252,-1.999999999999977,10.0,-2.0000209007634453,-36.088072257550984,-2.0000209007634453,10.011765216626195,-1.9331311925898262,-16.05111701866244,-0.06688970817361906,-20.036955238888545
CYEG,20,24,1320.1128153159796,73.9632833394437,1.9331105584444372,-28.495670935158252,-2.0,20.0,-0.06688944155553975,-8.495670935158252,-1.999999999999977,20.0,-2.000012088849303,-26.088127514310933,-2.000012088849303,20.011506682997343,-1.9331311925898262,-16.05111701866244,-0.06688089625947669,-10.037010495648495
CYEG,20,24,1320.1128153159796,73.9632833394437,1.9331105584444372,-28.495670935158252,-1.0,-20.0,0.933110558444449,-48.49567093515825,-0.9999999999999882,-20.0,-1.0000001057310612,-43.043117738976285,-1.0000001057310612,-20.000460398244563,-1.9331311925898262,-16.05111701866244,0.933131086858765,-26.992000720313847
CYEG,20,24,1320.1128153159796,73.9632833394437,1.9331105584444372,-28.495670935158252,-1.0,-10.0,0.933110558444449,-38.49567093515825,-0.9999999999999882,-10.0,-1.0000024978493798,-33.04314536811785,-1.0000024978493798,-10.000432895433754,-1.9331311925898262,-16.05111701866244,0.9331286947404465,-16.99202834945541
CYEG,20,24,1320.1128153159796,73.9632833394437,1.9331105584444372,-28.495670935158252,-1.0,0.0,0.933110558444449,-28.495670935158252,-0.9999999999999882,0.0,-1.0000065204990847,-23.043111414757632,-1.0000065204990847,-0.00030623071782542866,-1.9331311925898262,-16.05111701866244,0.9331246720907416,-6.991994396095194
CYEG,20,24,1320.1128153159796,73.9632833394437,1.9331105584444372,-28.495670935158252,-1.0,10.0,0.933110558444449,-18.495670935158252,-0.9999999999999882,10.0,-1.0000075901308207,-13.043195935911537,-1.0000075901308207,9.99963390028936,-1.9331311925898262,-16.05111701866244,0.9331236024590055,3.007921082750901
CYEG,20,24,1320.1128153159796,73.9632833394437,1.9331105584444372,-28.495670935158252,-1.0,20.0,0.933110558444449,-8.495670935158252,-0.9999999999999882,20.0,-1.0000072024923838,-3.043244001668139,-1.0000072024923838,19.999576900499797,-1.9331311925898262,-16.05111701866244,0.9331239900974424,13.0078730169943
CYEG,20,24,1320.1128153159796,73.9632833394437,1.9331105584444372,-28.495670935158252,0.0,-20.0,1.9331105584444372,-48.49567093515825,0.0,-20.0,-1.4264207948144758e-07,-20.00002864879393,-1.4264207948144758e-07,-20.00002536227547,-1.9331311925898262,-16.05111701866244,1.9331310499477468,-3.948911630131491
CYEG,20,24,1320.1128153159796,73.9632833394437,1.9331105584444372,-28.495670935158252,0.0,-10.0,1.9331105584444372,-38.49567093515825,0.0,-10.0,-2.316102836630307e-06,-10.000016941693863,-2.316102836630307e-06,-9.999963577954645,-1.9331311925898262,-16.05111701866244,1.9331288764869896,6.051100076968575
CYEG,20,24,1320.1128153159796,73.9632833394437,1.9331105584444372,-28.495670935158252,0.0,0.0,1.9331105584444372,-28.495670935158252,0.0,0.0,-2.527910538674405e-06,8.079119098525211e-05,-2.527910538674405e-06,0.00013903504640420912,-1.9331311925898262,-16.05111701866244,1.9331286646792876,16.051197809853424
CYEG,20,24,1320.1128153159796,73.9632833394437,1.9331105584444372,-28.495670935158252,0.0,10.0,1.9331105584444372,-18.495670935158252,0.0,10.0,4.191785080820409e-06,10.000082229510902,4.191785080820409e-06,9.999985649461703,-1.9331311925898262,-16.05111701866244,1.933135384374907,26.05119924817334
CYEG,20,24,1320.1128153159796,73.9632833394437,1.9331105584444372,-28.495670935158252,0.0,20.0,1.9331105584444372,-8.495670935158252,0.0,20.0,-1.5064545664245088e-06,20.0000136012749,-1.5064545664245088e-06,20.000048310462834,-1.9331311925898262,-16.05111701866244,1.9331296861352598,36.05113061993734
CYEG,20,24,1320.1128153159796,73.9632833394437,1.9331105584444372,-28.495670935158252,1.0,-20.0,2.9331105584444774,-48.49567093515825,1.0000000000000402,-20.0,0.9999939148792407,3.034028229703285,0.9999939148792407,-20.00848642839266,-1.9331311925898262,-16.05111701866244,2.933125107469067,19.085145248365723
CYEG,20,24,1320.1128153159796,73.9632833394437,1.9331105584444372,-28.495670935158252,1.0,-10.0,2.9331105584444774,-38.49567093515825,1.0000000000000402,-10.0,1.0000036977712625,13.034130727808202,1.0000036977712625,-10.00860939987758,-1.9331311925898262,-16.05111701866244,2.9331348903610888,29.085247746470642
CYEG,20,24,1320.1128153159796,73.9632833394437,1.9331105584444372,-28.495670935158252,1.0,0.0,2.9331105584444774,-28.495670935158252,1.0000000000000402,0.0,1.0000045393923358,23.034152244078083,1.0000045393923358,-0.008607280730601019,-1.9331311925898262,-16.05111701866244,2.933135731982162,39.085269262740525
CYEG,20,24,1320.1128153159796,73.9632833394437,1.9331105584444372,-28.495670935158252,1.0,10.0,2.9331105584444774,-18.495670935158252,1.0000000000000402,10.0,0.9999915292452499,33.03396219072148,0.9999915292452499,9.991502515131145,-1.9331311925898262,-16.05111701866244,2.933122721835076,49.08507920938392
CYEG,20,24,1320.1128153159796,73.9632833394437,1.9331105584444372,-28.495670935158252,1.0,20.0,2.9331105584444774,-8.495670935158252,1.0000000000000402,20.0,1.0000039103024392,43.03422329807619,1.0000039103024392,19.991478272113163,-1.9331311925898262,-16.05111701866244,2.9331351028922654,59.08534031673863
CYEG,20,24,1320.1128153159796,73.9632833394437,1.9331105584444372,-28.495670935158252,2.0,-20.0,3.933110558444465,-48.49567093515825,2.0000000000000275,-20.0,1.9999912949899397,26.05154258535489,1.9999912949899397,-20.04761193064022,-1.9331311925898262,-16.05111701866244,3.933122487579766,42.10265960401733
CYEG,20,24,1320.1128153159796,73.9632833394437,1.9331105584444372,-28.495670935158252,2.0,-10.0,3.933110558444465,-38.49567093515825,2.0000000000000275,-10.0,1.999980327414022,36.05141776898242,1.999980327414022,-10.047483742458574,-1.9331311925898262,-16.05111701866244,3.9331115200038482,52.102534787644856
CYEG,20,24,1320.1128153159796,73.9632833394437,1.9331105584444372,-28.495670935158252,2.0,0.0,3.933110558444465,-28.495670935158252,2.0000000000000275,0.0,1.9999897985099722,46.05152007666585,1.9999897985099722,-0.047599917913416334,-1.9331311925898262,-16.05111701866244,3.9331209910997984,62.10263709532829
CYEG,20,24,1320.1128153159796,73.9632833394437,1.9331105584444372,-28.495670935158252,2.0,10.0,3.933110558444465,-18.495670935158252,2.0000000000000275,10.0,1.9999905971688463,56.051677728618,1.9999905971688463,9.952539310247111,-1.9331311925898262,-16.05111701866244,3.9331217897586725,72.10279474728044
CYEG,20,24,1320.1128153159796,73.9632833394437,1.9331105584444372,-28.495670935158252,2.0,20.0,3.933110558444465,-8.495670935158252,2.0000000000000275,20.0,1.9999889422952037,66.05174291422121,1.9999889422952037,19.95264267115661,-1.9331311925898262,-16.05111701866244,3.93312013488503,82.10285993288365
CYEG,20,25,1287.7827180578097,79.12865233944365,0.30911555844454314,68.65986301989663,-2.0,-20.0,-1.6908844415554853,48.65986301989663,-2.0000000000000284,-20.0,-1.9999611241239847,-64.89532939087799,-1.9999611241239847,-19.925840779713262,-0.3091162531927978,-75.60582168481443,-1.690844870931187,10.71049229393644
CYEG,20,25,1287.7827180578097,79.12865233944365,0.30911555844454314,68.65986301989663,-2.0,-10.0,-1.6908844415554853,58.65986301989663,-2.0000000000000284,-10.0,-1.9999566809546252,-54.89529570592191,-1.9999566809546252,-9.925907081423354,-0.3091162531927978,-75.60582168481443,-1.6908404277618274,20.71052597889252
CYEG,20,25,1287.7827180578097,79.12865233944365,0.30911555844454314,68.65986301989663,-2.0,0.0,-1.6908844415554853,68.65986301989663,-2.0000000000000284,0.0,-1.999975156773985,-44.89542429541481,-1.999975156773985,0.07438009887528096,-0.3091162531927978,-75.60582168481443,-1.6908589035811872,30.710397389399617
CYEG,20,25,1287.7827180578097,79.12865233944365,0.30911555844454314,68.65986301989663,-2.0,10.0,-1.6908844415554853,78.65986301989663,-2.0000000000000284,10.0,-1.999971602884358,-34.89537493214071,-1.999971602884358,10.074349487349139,-0.3091162531927978,-75.60582168481443,-1.6908553496915601,40.71044675267372
CYEG,20,25,1287.7827180578097,79.12865233944365,0.30911555844454314,68.65986301989663,-2.0,20.0,-1.6908844415554853,88.65986301989663,-2.0000000000000284,20.0,-1.9999686766720686,-24.89536439535118,-1.9999686766720686,20.074294174248266,-0.3091162531927978,-75.60582168481443,-1.6908524234792708,50.71045728946325
CYEG,20,25,1287.7827180578097,79.12865233944365,0.30911555844454314,68.65986301989663,-1.0,-20.0,-0.6908844415554456,48.65986301989663,-0.9999999999999887,-20.0,-0.9999864397572082,-42.46225600918344,-0.9999864397572082,-19.984229925581342,-0.3091162531927978,-75.60582168481443,-0.6908701865644105,33.14356567563099
CYEG,20,25,1287.7827180578097,79.12865233944365,0.30911555844454314,68.65986301989663,-1.0,-10.0,-0.6908844415554456,58.65986301989663,-0.9999999999999887,-10.0,-0.9999879299988379,-32.46235955410573,-0.9999879299988379,-9.984299965555625,-0.3091162531927978,-75.60582168481443,-0.6908716768060401,43.1434621307087
CYEG,20,25,1287.7827180578097,79.12865233944365,0.30911555844454314,68.65986301989663,-1.0,0.0,-0.6908844415554456,68.65986301989663,-0.9999999999999887,0.0,-0.9999900988524928,-22.462345976616206,-0.9999900988524928,0.015762374045742433,-0.3091162531927978,-75.60582168481443,-0.690873845659695,53.143475708198224
CYEG,20,25,1287.7827180578097,79.12865233944365,0.30911555844454314,68.65986301989663,-1.0,10.0,-0.6908844415554456,78.65986301989663,-0.9999999999999887,10.0,-0.9999920195706977,-12.46237401693769,-0.9999920195706977,10.015777517032571,-0.3091162531927978,-75.60582168481443,-0.6908757663778999,63.14344766787674
CYEG,20,25,1287.7827180578097,79.12865233944365,0.30911555844454314,68.65986301989663,-1.0,20.0,-0.6908844415554456,88.65986301989663,-0.9999999999999887,20.0,-0.9999922575397022,-2.4623313632480333,-0.9999922575397022,20.015825520954692,-0.3091162531927978,-75.60582168481443,-0.6908760043469044,73.14349032156639
CYEG,20,25,1287.7827180578097,79.12865233944365,0.30911555844454314,68.65986301989663,0.0,-20.0,0.30911555844454314,48.65986301989663,0.0,-20.0,-3.916534552672601e-06,-19.999931904567124,-3.916534552672601e-06,-19.99984387634664,-0.3091162531927978,-75.60582168481443,0.3091123366582451,55.60588978024731
CYEG,20,25,1287.7827180578097,79.12865233944365,0.30911555844454314,68.65986301989663,0.0,-10.0,0.30911555844454314,58.65986301989663,0.0,-10.0,-6.191773707087123e-07,-9.99997645697201,-6.191773707087123e-07,-9.999962540311408,-0.3091162531927978,-75.60582168481443,0.3091156340154271,65.60584522784242
CYEG,20,25,1287.7827180578097,79.12865233944365,0.30911555844454314,68.65986301989663,0.0,0.0,0.30911555844454314,68.65986301989663,0.0,0.0,1.5145546115036268e-06,-4.426914829380735e-06,1.5145546115036268e-06,-3.8468117703735435e-05,-0.3091162531927978,-75.60582168481443,0.3091177677474093,75.6058172578996
CYEG,20,25,1287.7827180578097,79.12865233944365,0.30911555844454314,68.65986301989663,0.0,10.0,0.30911555844454314,78.65986301989663,0.0,10.0,-3.7242025996420125e-07,10.0000022230972,-3.7242025996420125e-07,10.000010593633018,-0.3091162531927978,-75.60582168481443,0.3091158807725378,85.60582390791163
CYEG,20,25,1287.7827180578097,79.12865233944365,0.30911555844454314,68.65986301989663,0.0,20.0,0.30911555844454314,88.65986301989663,0.0,20.0,-1.713100800770917e-06,20.000033155708408,-1.713100800770917e-06,20.00007165944506,-0.3091162531927978,-75.60582168481443,0.309114540091997,95.60585484052284
CYEG,20,25,1287.7827180578097,79.12865233944365,0.30911555844454314,68.65986301989663,1.0,-20.0,1.3091155584445322,48.65986301989663,0.9999999999999891,-20.0,1.0000074625547484,2.4845062881128257,1.0000074625547484,-19.99399244886893,-0.3091162531927978,-75.60582168481443,1.3091237157475462,78.09032797292726
CYEG,20,25,1287.7827180578097,79.12865233944365,0.30911555844454314,68.65986301989663,1.0,-10.0,1.3091155584445322,58.65986301989663,0.9999999999999891,-10.0,1.000008901981687,12.4845146345964,1.000008901981687,-9.99401646487235,-0.3091162531927978,-75.60582168481443,1.3091251551744847,88.09033631941082
CYEG,20,25,1287.7827180578097,79.12865233944365,0.30911555844454314,68.65986301989663,1.0,0.0,1.3091155584445322,68.65986301989663,0.9999999999999891,0.0,1.0000071016699223,22.484437102481476,1.0000071016699223,0.005946479235934277,-0.3091162531927978,-75.60582168481443,1.3091233548627201,98.09025878729591
CYEG,20,25,1287.7827180578097,79.12865233944365,0.30911555844454314,68.65986301989663,1.0,10.0,1.3091155584445322,78.65986301989663,0.9999999999999891,10.0,1.000008301722346,32.48450213003112,1.000008301722346,10.005984526131051,-0.3091162531927978,-75.60582168481443,1.3091245549151438,108.09032381484555
CYEG,20,25,1287.7827180578097,79.12865233944365,0.30911555844454314,68.65986301989663,1.0,20.0,1.3091155584445322,88.65986301989663,0.9999999999999891,20.0,1.0000129147803705,42.48444848543053,1.0000129147803705,20.00582716662384,-0.3091162531927978,-75.60582168481443,1.3091291679731683,118.09027017024496
CYEG,20,25,1287.7827180578097,79.12865233944365,0.30911555844454314,68.65986301989663,2.0,-20.0,2.30911555844452,48.65986301989663,1.9999999999999771,-20.0,2.0000354094217982,24.98385049308868,2.0000354094217982,-19.987309794086926,-0.3091162531927978,-75.60582168481443,2.309151662614596,100.58967217790311
CYEG,20,25,1287.7827180578097,79.12865233944365,0.30911555844454314,68.65986301989663,2.0,-10.0,2.30911555844452,58.65986301989663,1.9999999999999771,-10.0,2.0000297679753487,34.983726286709484,2.0000297679753487,-9.987307048412774,-0.3091162531927978,-75.60582168481443,2.3091460211681465,110.58954797152391
CYEG,20,25,1287.7827180578097,79.12865233944365,0.30911555844454314,68.65986301989663,2.0,0.0,2.30911555844452,68.65986301989663,1.9999999999999771,0.0,2.0000364417488186,44.98391674940251,2.0000364417488186,0.012733231299037584,-0.3091162531927978,-75.60582168481443,2.3091526949416163,120.58973843421694
CYEG,20,25,1287.7827180578097,79.12865233944365,0.30911555844454314,68.65986301989663,2.0,10.0,2.30911555844452,78.65986301989663,1.9999999999999771,10.0,2.000040771054614,54.98389149688457,2.000040771054614,10.012610554429166,-0.3091162531927978,-75.60582168481443,2.309157024247412,130.58971318169898
CYEG,20,25,1287.7827180578097,79.12865233944365,0.30911555844454314,68.65986301989663,2.0,20.0,2.30911555844452,88.65986301989663,1.9999999999999771,20.0,2.000019300398691,64.98381651391327,2.000019300398691,20.013018735460584,-0.3091162531927978,-75.60582168481443,2.3091355535914886,140.5896381987277
CYEG,20,26,1037.2526373865712,57.91891733944374,-7.956711441555516,63.10262291036745,-2.0,-20.0,-9.956711441555544,43.10262291036745,-2.0000000000000284,-20.0,-1.9999537502367275,-56.15488437520421,-1.9999537502367275,-19.93406242270091,7.957374017485108,81.08227403577416,-9.957327767721836,-137.23715841097837
CYEG,20,26,1037.2526373865712,57.91891733944374,-7.956711441555516,63.10262291036745,-2.0,-10.0,-9.956711441555544,53.10262291036745,-2.0000000000000284,-10.0,-1.9999319231422703,-46.154560552385924,-1.9999319231422703,-9.93413422795053,7.957374017485108,81.08227403577416,-9.957305940627379,-127.2368345881601
CYEG,20,26,1037.2526373865712,57.91891733944374,-7.956711441555516,63.10262291036745,-2.0,0.0,-9.956711441555544,63.10262291036745,-2.0000000000000284,0.0,-1.9999561125866308,-36.15495537652986,-1.9999561125866308,0.06590939486276426,7.957374017485108,81.08227403577416,-9.957330130071739,-117.23722941230403
CYEG,20,26,1037.2526373865712,57.91891733944374,-7.956711441555516,63.10262291036745,-2.0,10.0,-9.956711441555544,73.10262291036744,-2.0000000000000284,9.999999999999993,-1.9999421837075886,-26.15485966474599,-1.9999421837075886,10.065752638066499,7.957374017485108,81.08227403577416,-9.957316201192697,-107.23713370052016
CYEG,20,26,1037.2526373865712,57.91891733944374,-7.956711441555516,63.10262291036745,-2.0,20.0,-9.956711441555544,83.10262291036744,-2.0000000000000284,19.999999999999993,-1.9999458594946304,-16.154907699403594,-1.9999458594946304,20.065771229066762,7.957374017485108,81.08227403577416,-9.957319876979739,-97.23718173517776
CYEG,20,26,1037.2526373865712,57.91891733944374,-7.956711441555516,63.10262291036745,-1.0,-20.0,-8.956711441555505,43.10262291036745,-0.9999999999999893,-20.0,-0.9999868813069384,-38.090555786539085,-0.9999868813069384,-19.985481220264866,7.957374017485108,81.08227403577416,-8.957360898792047,-119.17282982231325
CYEG,20,26,1037.2526373865712,57.91891733944374,-7.956711441555516,63.10262291036745,-1.0,-10.0,-8.956711441555505,53.10262291036745,-0.9999999999999893,-10.0,-0.9999868088610242,-28.090420054130075,-0.9999868088610242,-9.985346799778142,7.957374017485108,81.08227403577416,-8.957360826346132,-109.17269408990424
CYEG,20,26,1037.2526373865712,57.91891733944374,-7.956711441555516,63.10262291036745,-1.0,0.0,-8.956711441555505,63.10262291036745,-0.9999999999999893,0.0,-0.9999858595332682,-18.090543234135602,-0.9999858595332682,0.014512828850158144,7.957374017485108,81.08227403577416,-8.957359877018376,-99.17281726990976
CYEG,20,26,1037.2526373865712,57.91891733944374,-7.956711441555516,63.10262291036745,-1.0,10.0,-8.956711441555505,73.10262291036744,-0.9999999999999893,9.999999999999993,-0.9999850605674965,-8.090546960444218,-0.9999850605674965,10.014494634078936,7.957374017485108,81.08227403577416,-8.957359078052605,-89.17282099621838
CYEG,20,26,1037.2526373865712,57.91891733944374,-7.956711441555516,63.10262291036745,-1.0,20.0,-8.956711441555505,83.10262291036744,-0.9999999999999893,19.999999999999993,-0.9999879616306373,1.909426938885435,-0.9999879616306373,20.01452106872997,7.957374017485108,81.08227403577416,-8.957361979115745,-79.17284709688873
CYEG,20,26,1037.2526373865712,57.91891733944374,-7.956711441555516,63.10262291036745,0.0,-20.0,-7.956711441555516,43.10262291036745,0.0,-20.0,-6.638103968725773e-07,-19.99984085747094,-6.638103968725773e-07,-19.99982884019688,7.957374017485108,81.08227403577416,-7.957374681295505,-101.0821148932451
CYEG,20,26,1037.2526373865712,57.91891733944374,-7.956711441555516,63.10262291036745,0.0,-10.0,-7.956711441555516,53.10262291036745,0.0,-10.0,-3.094294271477338e-06,-9.999987152138388,-3.094294271477338e-06,-9.999931134663433,7.957374017485108,81.08227403577416,-7.95737711177938,-91.08226118791255
CYEG,20,26,1037.2526373865712,57.91891733944374,-7.956711441555516,63.10262291036745,0.0,0.0,-7.956711441555516,63.10262291036745,0.0,0.0,3.2821435524965636e-07,3.597136624122754e-05,3.2821435524965636e-07,3.0029546293859406e-05,7.957374017485108,81.08227403577416,-7.957373689270753,-81.08223806440792
CYEG,20,26,1037.2526373865712,57.91891733944374,-7.956711441555516,63.10262291036745,0.0,10.0,-7.956711441555516,73.10262291036744,0.0,9.999999999999993,1.119995630460835e-06,9.999994556784419,1.119995630460835e-06,9.999974280972982,7.957374017485108,81.08227403577416,-7.957372897489478,-71.08227947898975
CYEG,20,26,1037.2526373865712,57.91891733944374,-7.956711441555516,63.10262291036745,0.0,20.0,-7.956711441555516,83.10262291036744,0.0,19.999999999999993,-4.062228242673882e-07,20.0000159887557,-4.062228242673882e-07,20.000023342799913,7.957374017485108,81.08227403577416,-7.9573744237079325,-61.08225804701846
CYEG,20,26,1037.2526373865712,57.91891733944374,-7.956711441555516,63.10262291036745,1.0,-20.0,-6.956711441555528,43.10262291036745,0.9999999999999885,-20.0,1.0000065313815298,-1.8889171129978912,1.0000065313815298,-19.99434752226488,7.957374017485108,81.08227403577416,-6.957367486103578,-82.97119114877205
CYEG,20,26,1037.2526373865712,57.91891733944374,-7.956711441555516,63.10262291036745,1.0,-10.0,-6.956711441555528,53.10262291036745,0.9999999999999885,-10.0,1.0000081305111905,8.111109930780197,1.0000081305111905,-9.994349437109081,7.957374017485108,81.08227403577416,-6.957365886973918,-72.97116410499396
CYEG,20,26,1037.2526373865712,57.91891733944374,-7.956711441555516,63.10262291036745,1.0,0.0,-6.956711441555528,63.10262291036745,0.9999999999999885,0.0,1.0000064568698122,18.11104595080309,1.0000064568698122,0.005616890868008539,7.957374017485108,81.08227403577416,-6.957367560615296,-62.971228084971074
CYEG,20,26,1037.2526373865712,57.91891733944374,-7.956711441555516,63.10262291036745,1.0,10.0,-6.956711441555528,73.10262291036744,0.9999999999999885,9.999999999999993,1.0000108549387505,28.111056988801163,1.0000108549387505,10.005548284281652,7.957374017485108,81.08227403577416,-6.957363162546358,-52.971217046972995
CYEG,20,26,1037.2526373865712,57.91891733944374,-7.956711441555516,63.10262291036745,1.0,20.0,-6.956711441555528,83.10262291036744,0.9999999999999885,19.999999999999993,1.0000153951170603,38.11095045199609,1.0000153951170603,20.005359529434813,7.957374017485108,81.08227403577416,-6.957358622368048,-42.97132358377807
CYEG,20,26,1037.2526373865712,57.91891733944374,-7.956711441555516,63.10262291036745,2.0,-20.0,-5.956711441555537,43.10262291036745,1.9999999999999787,-20.0,2.000034356050577,16.236596208903748,2.000034356050577,-19.985686768311233,7.957374017485108,81.08227403577416,-5.957339661434531,-64.84567782687041
CYEG,20,26,1037.2526373865712,57.91891733944374,-7.956711441555516,63.10262291036745,2.0,-10.0,-5.956711441555537,53.10262291036745,1.9999999999999787,-10.0,2.0000406462363287,26.2366643881676,2.0000406462363287,-9.985732602129968,7.957374017485108,81.08227403577416,-5.9573333712487795,-54.845609647606565
CYEG,20,26,1037.2526373865712,57.91891733944374,-7.956711441555516,63.10262291036745,2.0,0.0,-5.956711441555537,63.10262291036745,1.9999999999999787,0.0,2.0000328398918725,36.23666380900681,2.0000328398918725,0.01440831300359946,7.957374017485108,81.08227403577416,-5.957341177593236,-44.845610226767356
CYEG,20,26,1037.2526373865712,57.91891733944374,-7.956711441555516,63.10262291036745,2.0,10.0,-5.956711441555537,73.10262291036744,1.9999999999999787,9.999999999999993,2.0000391922753806,46.23670127063683,2.0000391922753806,10.014330634182642,7.957374017485108,81.08227403577416,-5.957334825209728,-34.845572765137334
CYEG,20,26,1037.2526373865712,57.91891733944374,-7.956711441555516,63.10262291036745,2.0,20.0,-5.956711441555537,83.10262291036744,1.9999999999999787,19.999999999999993,2.0000410020920185,56.236516669378965,2.0000410020920185,20.014113229000927,7.957374017485108,81.08227403577416,-5.95733301539309,-24.845757366395198
CYEG,20,27,919.5996835510979,67.03917533944366,4.188639558444507,45.65980843144796,-2.0,-20.0,2.1886395584444784,25.659808431447964,-2.0000000000000284,-20.0,-1.999964714817736,-52.062298897424164,-1.999964714817736,-19.949737342722294,-4.188523139783484,-112.69370487197337,2.1885584249657484,60.6314059745492
CYEG,20,27,919.5996835510979,67.03917533944366,4.188639558444507,45.65980843144796,-2.0,-10.0,2.1886395584444784,35.65980843144796,-2.0000000000000284,-10.0,-1.9999682147335136,-42.062371030865314,-1.9999682147335136,-9.949753233867838,-4.188523139783484,-112.69370487197337,2.1885549250499707,70.63133384110805
CYEG,20,27,919.5996835510979,67.03917533944366,4.188639558444507,45.65980843144796,-2.0,0.0,2.1886395584444784,45.65980843144796,-2.0000000000000284,0.0,-1.9999744924877518,-32.0622577798902,-1.9999744924877518,0.0504608981953254,-4.188523139783484,-112.69370487197337,2.1885486472957325,80.63144709208316
CYEG,20,27,919.5996835510979,67.03917533944366,4.188639558444507,45.65980843144796,-2.0,10.0,2.1886395584444784,55.65980843144796,-2.0000000000000284,10.0,-1.9999662509079883,-22.062332385043874,-1.9999662509079883,10.050253854035404,-4.188523139783484,-112.69370487197337,2.188556888875496,90.6313724869295
CYEG,20,27,919.5996835510979,67.03917533944366,4.188639558444507,45.65980843144796,-2.0,20.0,2.1886395584444784,65.65980843144797,-2.0000000000000284,20.000000000000007,-1.9999662565381584,-12.062326183933886,-1.9999662565381584,20.05026014562005,-4.188523139783484,-112.69370487197337,2.188556883245326,100.63137868803948
CYEG,20,27,919.5996835510979,67.03917533944366,4.188639558444507,45.65980843144796,-1.0,-20.0,3.188639558444467,25.659808431447964,-1.00000000000004,-20.0,-0.9999955875473745,-36.040997974704005,-0.9999955875473745,-19.989396631979744,-4.188523139783484,-112.69370487197337,3.18852755223611,76.65270689726935
CYEG,20,27,919.5996835510979,67.03917533944366,4.188639558444507,45.65980843144796,-1.0,-10.0,3.188639558444467,35.65980843144796,-1.00000000000004,-10.0,-0.9999893352100457,-26.040984793492015,-0.9999893352100457,-9.989483831620408,-4.188523139783484,-112.69370487197337,3.1885338045734386,86.65272007848135
CYEG,20,27,919.5996835510979,67.03917533944366,4.188639558444507,45.65980843144796,-1.0,0.0,3.188639558444467,45.65980843144796,-1.00000000000004,0.0,-0.9999947426674396,-16.040973141134348,-0.9999947426674396,0.010614637099717328,-4.188523139783484,-112.69370487197337,3.1885283971160447,96.65273173083902
CYEG,20,27,919.5996835510979,67.03917533944366,4.188639558444507,45.65980843144796,-1.0,10.0,3.188639558444467,55.65980843144796,-1.00000000000004,10.0,-0.9999947699228358,-6.041038020248525,-0.9999947699228358,10.010550195569081,-4.188523139783484,-112.69370487197337,3.1885283698606486,106.65266685172485
CYEG,20,27,919.5996835510979,67.03917533944366,4.188639558444507,45.65980843144796,-1.0,20.0,3.188639558444467,65.65980843144797,-1.00000000000004,20.000000000000007,-0.9999880293109129,3.959004706633303,-0.9999880293109129,20.01048470238276,-4.188523139783484,-112.69370487197337,3.1885351104725714,116.65270957860668
CYEG,20,27,919.5996835510979,67.03917533944366,4.188639558444507,45.65980843144796,0.0,-20.0,4.188639558444507,25.659808431447964,0.0,-20.0,1.1153948378250789e-06,-19.999936799259398,1.1153948378250789e-06,-19.9999547013937,-4.188523139783484,-112.69370487197337,4.188524255178322,92.69376807271397
CYEG,20,27,919.5996835510979,67.03917533944366,4.188639558444507,45.65980843144796,0.0,-10.0,4.188639558444507,35.65980843144796,0.0,-10.0,-1.7153722637885949e-06,-9.999956735473914,-1.7153722637885949e-06,-9.999929203676556,-4.188523139783484,-112.69370487197337,4.1885214244112206,102.69374813649945
CYEG,20,27,919.5996835510979,67.03917533944366,4.188639558444507,45.65980843144796,0.0,0.0,4.188639558444507,45.65980843144796,0.0,0.0,4.453532369552704e-07,3.0133491250694533e-05,4.453532369552704e-07,2.2985552968800453e-05,-4.188523139783484,-112.69370487197337,4.188523585136721,112.69373500546462
CYEG,20,27,919.5996835510979,67.03917533944366,4.188639558444507,45.65980843144796,0.0,10.0,4.188639558444507,55.65980843144796,0.0,10.0,1.1454988850800873e-06,10.000070600706616,1.1454988850800873e-06,10.00005221540108,-4.188523139783484,-112.69370487197337,4.188524285282369,122.69377547267999
CYEG,20,27,919.5996835510979,67.03917533944366,4.188639558444507,45.65980843144796,0.0,20.0,4.188639558444507,65.65980843144797,0.0,20.000000000000007,-3.336935350262138e-06,19.999980118180652,-3.336935350262138e-06,20.0000336761341,-4.188523139783484,-112.69370487197337,4.188519802848134,132.69368499015403
CYEG,20,27,919.5996835510979,67.03917533944366,4.188639558444507,45.65980843144796,1.0,-20.0,5.188639558444493,25.659808431447964,0.9999999999999858,-20.0,1.0000042178594413,-3.944347745834584,1.0000042178594413,-19.99608764763561,-4.188523139783484,-112.69370487197337,5.188527357642926,108.74935712613879
CYEG,20,27,919.5996835510979,67.03917533944366,4.188639558444507,45.65980843144796,1.0,-10.0,5.188639558444493,35.65980843144796,0.9999999999999858,-10.0,1.0000063935701178,6.055569108368511,1.0000063935701178,-9.996205724320442,-4.188523139783484,-112.69370487197337,5.188529533353602,118.74927398034188
CYEG,20,27,919.5996835510979,67.03917533944366,4.188639558444507,45.65980843144796,1.0,0.0,5.188639558444493,45.65980843144796,0.9999999999999858,0.0,1.0000101656344498,16.055655459803155,1.0000101656344498,0.0038200668760595136,-4.188523139783484,-112.69370487197337,5.188533305417934,128.74936033177653
CYEG,20,27,919.5996835510979,67.03917533944366,4.188639558444507,45.65980843144796,1.0,10.0,5.188639558444493,55.65980843144796,0.9999999999999858,10.0,1.0000120042668357,26.055580893160627,1.0000120042668357,10.00371598111468,-4.188523139783484,-112.69370487197337,5.18853514405032,138.749285765134
CYEG,20,27,919.5996835510979,67.03917533944366,4.188639558444507,45.65980843144796,1.0,20.0,5.188639558444493,65.65980843144797,0.9999999999999858,20.000000000000007,1.0000086988364956,36.05559882183266,1.0000086988364956,20.003786978247692,-4.188523139783484,-112.69370487197337,5.18853183861998,148.74930369380604
CYEG,20,27,919.5996835510979,67.03917533944366,4.188639558444507,45.65980843144796,2.0,-20.0,6.188639558444484,25.659808431447964,1.999999999999977,-20.0,2.0000262258545263,12.120656104949568,2.0000262258545263,-19.992893908405705,-4.188523139783484,-112.69370487197337,6.188549365638011,124.81436097692293
CYEG,20,27,919.5996835510979,67.03917533944366,4.188639558444507,45.65980843144796,2.0,-10.0,6.188639558444484,35.65980843144796,1.999999999999977,-10.0,2.000023290057271,22.120688927552568,2.000023290057271,-9.992813908670666,-4.188523139783484,-112.69370487197337,6.1885464298407555,134.81439379952593
CYEG,20,27,919.5996835510979,67.03917533944366,4.188639558444507,45.65980843144796,2.0,0.0,6.188639558444484,45.65980843144796,1.999999999999977,0.0,2.0000358818105326,32.12066317377211,2.0000358818105326,0.006957992918707134,-4.188523139783484,-112.69370487197337,6.188559021594017,144.81436804574548
CYEG,20,27,919.5996835510979,67.03917533944366,4.188639558444507,45.65980843144796,2.0,10.0,6.188639558444484,55.65980843144796,1.999999999999977,10.0,2.000031855275921,42.1206400305881,2.000031855275921,10.006999554597016,-4.188523139783484,-112.69370487197337,6.188554995059405,154.81434490256146
CYEG,20,27,919.5996835510979,67.03917533944366,4.188639558444507,45.65980843144796,2.0,20.0,6.188639558444484,65.65980843144797,1.999999999999977,20.000000000000007,2.0000201261004236,52.12062273279663,2.0000201261004236,20.0071707401421,-4.188523139783484,-112.69370487197337,6.188543265883908,164.81432760477
CYEG,20,28,668.6212680812915,50.53453033944368,-8.240835441555518,-26.06403128162125,-2.0,-20.0,-10.240835441555546,-46.064031281621254,-2.0000000000000284,-20.000000000000004,-2.0000273931968024,-43.34964098620384,-2.0000273931968024,-20.00055174761254,8.240564341187536,121.60045644513758,-10.240591734384338,-164.95009743134142
CYEG,20,28,668.6212680812915,50.53453033944368,-8.240835441555518,-26.06403128162125,-2.0,-10.0,-10.240835441555546,-36.064031281621254,-2.0000000000000284,-10.000000000000004,-2.0000264217322865,-33.34966725265843,-2.0000264217322865,-10.000589364535774,8.240564341187536,121.60045644513758,-10.240590762919823,-154.95012369779602
CYEG,20,28,668.6212680812915,50.53453033944368,-8.240835441555518,-26.06403128162125,-2.0,0.0,-10.240835441555546,-26.06403128162125,-2.0000000000000284,0.0,-2.000025107449204,-23.349704267733834,-2.000025107449204,-0.0006417355285925908,8.240564341187536,121.60045644513758,-10.24058944863674,-144.95016071287142
CYEG,20,28,668.6212680812915,50.53453033944368,-8.240835441555518,-26.06403128162125,-2.0,10.0,-10.240835441555546,-16.06403128162125,-2.0000000000000284,10.0,-2.0000227773453503,-13.34968981568938,-2.0000227773453503,9.99934549187699,8.240564341187536,121.60045644513758,-10.240587118532886,-134.95014626082695
CYEG,20,28,668.6212680812915,50.53453033944368,-8.240835441555518,-26.06403128162125,-2.0,20.0,-10.240835441555546,-6.064031281621251,-2.0000000000000284,20.0,-2.000025009943414,-3.3496823970364975,-2.000025009943414,19.999378995923415,8.240564341187536,121.60045644513758,-10.24058935113095,-124.95013884217408
CYEG,20,28,668.6212680812915,50.53453033944368,-8.240835441555518,-26.06403128162125,-1.0,-20.0,-9.24083544155556,-46.064031281621254,-1.0000000000000426,-20.000000000000004,-1.0000065871941217,-31.672580603047017,-1.0000065871941217,-20.001676062679003,8.240564341187536,121.60045644513758,-9.240570928381658,-153.2730370481846
CYEG,20,28,668.6212680812915,50.53453033944368,-8.240835441555518,-26.06403128162125,-1.0,-10.0,-9.24083544155556,-36.064031281621254,-1.0000000000000426,-10.000000000000004,-1.0000080549309303,-21.67254088164702,-1.0000080549309303,-10.001619208096438,8.240564341187536,121.60045644513758,-9.240572396118466,-143.2729973267846
CYEG,20,28,668.6212680812915,50.53453033944368,-8.240835441555518,-26.06403128162125,-1.0,0.0,-9.24083544155556,-26.06403128162125,-1.0000000000000426,0.0,-1.0000055144740827,-11.672522693509945,-1.0000055144740827,-0.001630675215469779,8.240564341187536,121.60045644513758,-9.240569855661619,-133.27297913864751
CYEG,20,28,668.6212680812915,50.53453033944368,-8.240835441555518,-26.06403128162125,-1.0,10.0,-9.24083544155556,-16.06403128162125,-1.0000000000000426,10.0,-1.0000051628817346,-1.672526838052816,-1.0000051628817346,9.998361076034524,8.240564341187536,121.60045644513758,-9.24056950406927,-123.2729832831904
CYEG,20,28,668.6212680812915,50.53453033944368,-8.240835441555518,-26.06403128162125,-1.0,20.0,-9.24083544155556,-6.064031281621251,-1.0000000000000426,20.0,-1.0000071250925373,8.327471397436344,-1.0000071250925373,19.998382216799143,8.240564341187536,121.60045644513758,-9.240571466280073,-113.27298504770124
CYEG,20,28,668.6212680812915,50.53453033944368,-8.240835441555518,-26.06403128162125,0.0,-20.0,-8.240835441555518,-46.064031281621254,0.0,-20.000000000000004,2.957135961878521e-06,-19.999952137441,2.957135961878521e-06,-19.999986646160725,8.240564341187536,121.60045644513758,-8.240561384051574,-141.60040858257858
CYEG,20,28,668.6212680812915,50.53453033944368,-8.240835441555518,-26.06403128162125,0.0,-10.0,-8.240835441555518,-36.064031281621254,0.0,-10.000000000000004,-1.2522900192379893e-06,-9.999977253754533,-1.2522900192379893e-06,-9.999962639977607,8.240564341187536,121.60045644513758,-8.240565593477555,-131.60043369889212
CYEG,20,28,668.6212680812915,50.53453033944368,-8.240835441555518,-26.06403128162125,0.0,0.0,-8.240835441555518,-26.06403128162125,0.0,0.0,1.3028708849560644e-06,5.125314120668634e-05,1.3028708849560644e-06,3.604910365542806e-05,8.240564341187536,121.60045644513758,-8.240563038316651,-121.60040519199637
CYEG,20,28,668.6212680812915,50.53453033944368,-8.240835441555518,-26.06403128162125,0.0,10.0,-8.240835441555518,-16.06403128162125,0.0,10.0,8.627455656551319e-07,10.000036015333105,8.627455656551319e-07,10.000025947400719,8.240564341187536,121.60045644513758,-8.24056347844197,-111.60042042980447
CYEG,20,28,668.6212680812915,50.53453033944368,-8.240835441555518,-26.06403128162125,0.0,20.0,-8.240835441555518,-6.064031281621251,0.0,20.0,-2.4293147760090505e-06,20.00004334495963,-2.4293147760090505e-06,20.000071694194773,8.240564341187536,121.60045644513758,-8.240566770502312,-101.60041310017795
CYEG,20,28,668.6212680812915,50.53453033944368,-8.240835441555518,-26.06403128162125,1.0,-20.0,-7.240835441555533,-46.064031281621254,0.9999999999999849,-20.000000000000004,0.9999903855601815,-8.335735190629306,0.9999903855601815,-20.00645060611537,8.240564341187536,121.60045644513758,-7.2405739556273545,-129.93619163576687
CYEG,20,28,668.6212680812915,50.53453033944368,-8.240835441555518,-26.06403128162125,1.0,-10.0,-7.240835441555533,-36.064031281621254,0.9999999999999849,-10.000000000000004,0.9999988232321755,1.6643384919281097,0.9999988232321755,-10.006475418174112,8.240564341187536,121.60045644513758,-7.2405655179553605,-119.93611795320948
CYEG,20,28,668.6212680812915,50.53453033944368,-8.240835441555518,-26.06403128162125,1.0,0.0,-7.240835441555533,-26.06403128162125,0.9999999999999849,0.0,0.999997596415426,11.66431120244362,0.999997596415426,-0.006488386783695788,8.240564341187536,121.60045644513758,-7.24056674477211,-109.93614524269395
CYEG,20,28,668.6212680812915,50.53453033944368,-8.240835441555518,-26.06403128162125,1.0,10.0,-7.240835441555533,-16.06403128162125,0.9999999999999849,10.0,0.9999926283383331,21.664325902058458,0.9999926283383331,9.993584306178926,8.240564341187536,121.60045644513758,-7.240571712849203,-99.93613054307912
CYEG,20,28,668.6212680812915,50.53453033944368,-8.240835441555518,-26.06403128162125,1.0,20.0,-7.240835441555533,-6.064031281621251,0.9999999999999849,20.0,0.9999957445537291,31.664341036003208,0.9999957445537291,19.993563063924242,8.240564341187536,121.60045644513758,-7.240568596633807,-89.93611540913437
CYEG,20,28,668.6212680812915,50.53453033944368,-8.240835441555518,-26.06403128162125,2.0,-20.0,-6.240835441555544,-46.064031281621254,1.9999999999999742,-20.000000000000004,1.9999800125175682,3.316549769329029,1.9999800125175682,-20.03198587940953,8.240564341187536,121.60045644513758,-6.240584328669968,-118.28390667580855
CYEG,20,28,668.6212680812915,50.53453033944368,-8.240835441555518,-26.06403128162125,2.0,-10.0,-6.240835441555544,-36.064031281621254,1.9999999999999742,-10.000000000000004,1.9999736682128173,13.316537591162536,1.9999736682128173,-10.031923931525597,8.240564341187536,121.60045644513758,-6.240590672974719,-108.28391885397505
CYEG,20,28,668.6212680812915,50.53453033944368,-8.240835441555518,-26.06403128162125,2.0,0.0,-6.240835441555544,-26.06403128162125,1.9999999999999742,0.0,1.9999761912670238,23.31656178906082,1.9999761912670238,-0.031929212671936824,8.240564341187536,121.60045644513758,-6.240588149920512,-98.28389465607677
CYEG,20,28,668.6212680812915,50.53453033944368,-8.240835441555518,-26.06403128162125,2.0,10.0,-6.240835441555544,-16.06403128162125,1.9999999999999742,10.0,1.9999864637635199,33.31660439099575,1.9999864637635199,9.96799336671879,8.240564341187536,121.60045644513758,-6.240577877424016,-88.28385205414183
CYEG,20,28,668.6212680812915,50.53453033944368,-8.240835441555518,-26.06403128162125,2.0,20.0,-6.240835441555544,-6.064031281621251,1.9999999999999742,20.0,1.9999816473127225,43.316648086523955,1.9999816473127225,19.968093337046486,8.240564341187536,121.60045644513758,-6.2405826938748135,-78.28380835861363
CYEG,20,29,347.0205138533829,32.247186339443715,-1.3248574415555177,11.78591956596462,-2.0,-20.0,-3.324857441555546,-8.21408043403538,-2.0000000000000284,-20.0,-1.9999842542264332,-32.10204412904246,-1.9999842542264332,-19.98391623880349,1.3248646910722925,-3.7599577520591154,-3.3248489452987258,-28.342086376983346
CYEG,20,29,347.0205138533829,32.247186339443715,-1.3248574415555177,11.78591956596462,-2.0,-10.0,-3.324857441555546,1.7859195659646208,-2.0000000000000284,-10.0,-1.9999811174812976,-22.102023615576414,-1.9999811174812976,-9.983914746673667,1.3248646910722925,-3.7599577520591154,-3.32484580855359,-18.3420658635173
CYEG,20,29,347.0205138533829,32.247186339443715,-1.3248574415555177,11.78591956596462,-2.0,0.0,-3.324857441555546,11.78591956596462,-2.0000000000000284,0.0,-1.9999774057581874,-12.102034525690268,-1.9999774057581874,0.016051835189063723,1.3248646910722925,-3.7599577520591154,-3.32484209683048,-8.342076773631153
CYEG,20,29,347.0205138533829,32.247186339443715,-1.3248574415555177,11.78591956596462,-2.0,10.0,-3.324857441555546,21.78591956596462,-2.0000000000000284,9.999999999999998,-1.9999887244777597,-2.1020512357940735,-1.9999887244777597,10.01610376221113,1.3248646910722925,-3.7599577520591154,-3.324853415550052,1.657906516265042
CYEG,20,29,347.0205138533829,32.247186339443715,-1.3248574415555177,11.78591956596462,-2.0,20.0,-3.324857441555546,31.78591956596462,-2.0000000000000284,20.0,-1.999986734414449,7.897923463799769,-1.999986734414449,20.016066393988837,1.3248646910722925,-3.7599577520591154,-3.3248514254867416,11.657881215858884
CYEG,20,29,347.0205138533829,32.247186339443715,-1.3248574415555177,11.78591956596462,-1.0,-20.0,-2.324857441555558,-8.21408043403538,-1.0000000000000404,-20.0,-0.9999982226273687,-26.0537966497305,-0.9999982226273687,-19.99654181720102,1.3248646910722925,-3.7599577520591154,-2.3248629136996612,-22.293838897671385
CYEG,20,29,347.0205138533829,32.247186339443715,-1.3248574415555177,11.78591956596462,-1.0,-10.0,-2.324857441555558,1.7859195659646208,-1.0000000000000404,-10.0,-0.9999983966397394,-16.05381502514767,-0.9999983966397394,-9.996559138364962,1.3248646910722925,-3.7599577520591154,-2.324863087712032,-12.293857273088555
CYEG,20,29,347.0205138533829,32.247186339443715,-1.3248574415555177,11.78591956596462,-1.0,0.0,-2.324857441555558,11.78591956596462,-1.0000000000000404,0.0,-0.9999955520031278,-6.0538224616958,-0.9999955520031278,0.0034161908677630137,1.3248646910722925,-3.7599577520591154,-2.3248602430754204,-2.2938647096366847
CYEG,20,29,347.0205138533829,32.247186339443715,-1.3248574415555177,11.78591956596462,-1.0,10.0,-2.324857441555558,21.78591956596462,-1.0000000000000404,9.999999999999998,-0.999995404297465,3.9461651759512044,-0.999995404297465,10.003402933640622,1.3248646910722925,-3.7599577520591154,-2.3248600953697576,7.70612292801032
CYEG,20,29,347.0205138533829,32.247186339443715,-1.3248574415555177,11.78591956596462,-1.0,20.0,-2.324857441555558,31.78591956596462,-1.0000000000000404,20.0,-0.9999961782706634,13.946160291819616,-0.9999961782706634,20.00340273862245,1.3248646910722925,-3.7599577520591154,-2.324860869342956,17.706118043878732
CYEG,20,29,347.0205138533829,32.247186339443715,-1.3248574415555177,11.78591956596462,0.0,-20.0,-1.3248574415555177,-8.21408043403538,0.0,-20.0,1.0879765000026964e-06,-19.99995886310711,1.0879765000026964e-06,-19.999965452600566,1.3248646910722925,-3.7599577520591154,-1.3248636030957925,-16.240001111047995
CYEG,20,29,347.0205138533829,32.247186339443715,-1.3248574415555177,11.78591956596462,0.0,-10.0,-1.3248574415555177,1.7859195659646208,0.0,-10.0,1.6075416908734041e-06,-9.999961376691488,1.6075416908734041e-06,-9.999971113009735,1.3248646910722925,-3.7599577520591154,-1.3248630835306017,-6.240003624632372
CYEG,20,29,347.0205138533829,32.247186339443715,-1.3248574415555177,11.78591956596462,0.0,0.0,-1.3248574415555177,11.78591956596462,0.0,0.0,1.9111246274405858e-07,3.631997530995079e-05,1.9111246274405858e-07,3.5162473909518914e-05,1.3248646910722925,-3.7599577520591154,-1.3248644999598298,3.7599940720344254
CYEG,20,29,347.0205138533829,32.247186339443715,-1.3248574415555177,11.78591956596462,0.0,10.0,-1.3248574415555177,21.78591956596462,0.0,9.999999999999998,1.836381528619313e-06,10.000037035137549,1.836381528619313e-06,10.000025912816374,1.3248646910722925,-3.7599577520591154,-1.324862854690764,13.759994787196664
CYEG,20,29,347.0205138533829,32.247186339443715,-1.3248574415555177,11.78591956596462,0.0,20.0,-1.3248574415555177,31.78591956596462,0.0,20.0,1.709936213956098e-06,20.0000525843801,1.709936213956098e-06,20.00004222789401,1.3248646910722925,-3.7599577520591154,-1.3248629811360786,23.760010336439215
CYEG,20,29,347.0205138533829,32.247186339443715,-1.3248574415555177,11.78591956596462,1.0,-20.0,-0.32485744155552954,-8.21408043403538,0.9999999999999881,-20.0,1.0000046433175953,-13.942384510026821,1.0000046433175953,-19.999678242281586,1.3248646910722925,-3.7599577520591154,-0.32486004775469723,-10.182426757967706
CYEG,20,29,347.0205138533829,32.247186339443715,-1.3248574415555177,11.78591956596462,1.0,-10.0,-0.32485744155552954,1.7859195659646208,0.9999999999999881,-10.0,1.0000017729579724,-3.942365974397381,1.0000017729579724,-9.999642316590178,1.3248646910722925,-3.7599577520591154,-0.3248629181143201,-0.1824082223382657
CYEG,20,29,347.0205138533829,32.247186339443715,-1.3248574415555177,11.78591956596462,1.0,0.0,-0.32485744155552954,11.78591956596462,0.9999999999999881,0.0,1.000002202900248,6.057605687224104,1.000002202900248,0.00032674022780110334,1.3248646910722925,-3.7599577520591154,-0.32486248817204455,9.81756343928322
CYEG,20,29,347.0205138533829,32.247186339443715,-1.3248574415555177,11.78591956596462,1.0,10.0,-0.32485744155552954,21.78591956596462,0.9999999999999881,9.999999999999998,1.0000030771911952,16.057614310115838,1.0000030771911952,10.000330066231431,1.3248646910722925,-3.7599577520591154,-0.32486161388109736,19.817572062174953
CYEG,20,29,347.0205138533829,32.247186339443715,-1.3248574415555177,11.78591956596462,1.0,20.0,-0.32485744155552954,31.78591956596462,0.9999999999999881,20.0,1.0000027904811475,26.057583382320033,1.0000027904811475,20.000300875467268,1.3248646910722925,-3.7599577520591154,-0.32486190059114506,29.817541134379148
CYEG,20,29,347.0205138533829,32.247186339443715,-1.3248574415555177,11.78591956596462,2.0,-20.0,0.6751425584444594,-8.21408043403538,1.999999999999977,-20.0,2.0000110685972743,-7.88299293010437,2.0000110685972743,-20.001283423663235,1.3248646910722925,-3.7599577520591154,0.6751463775249817,-4.123035178045255
CYEG,20,29,347.0205138533829,32.247186339443715,-1.3248574415555177,11.78591956596462,2.0,-10.0,0.6751425584444594,1.7859195659646208,1.999999999999977,-10.0,2.000009142761712,2.1169929001887606,2.000009142761712,-10.001285915033042,1.3248646910722925,-3.7599577520591154,0.6751444516894196,5.876950652247876
CYEG,20,29,347.0205138533829,32.247186339443715,-1.3248574415555177,11.78591956596462,2.0,0.0,0.6751425584444594,11.78591956596462,1.999999999999977,0.0,2.000016925701374,12.117012906964352,2.000016925701374,-0.0013131042874743315,1.3248646910722925,-3.7599577520591154,0.6751522346290812,15.876970659023467
CYEG,20,29,347.0205138533829,32.247186339443715,-1.3248574415555177,11.78591956596462,2.0,10.0,0.6751425584444594,21.78591956596462,1.999999999999977,9.999999999999998,2.000022294443255,22.11696249194873,2.000022294443255,9.99860392445003,1.3248646910722925,-3.7599577520591154,0.6751576033709625,25.876920244007845
CYEG,20,29,347.0205138533829,32.247186339443715,-1.3248574415555177,11.78591956596462,2.0,20.0,0.6751425584444594,31.78591956596462,1.999999999999977,20.0,2.0000156720766142,32.11702299612057,2.0000156720766142,19.998704586895045,1.3248646910722925,-3.7599577520591154,0.6751509810043217,35.87698074817968
